PRAGMA foreign_keys=OFF;
BEGIN TRANSACTION;
CREATE TABLE `channels` (`id` integer,`type` integer DEFAULT 0,`key` text NOT NULL,`open_ai_organization` text,`test_model` text,`status` integer DEFAULT 1,`name` text,`weight` integer DEFAULT 0,`created_time` integer,`test_time` integer,`response_time` integer,`base_url` text DEFAULT "",`other` text,`balance` real,`balance_updated_time` integer,`models` text,`group` varchar(64) DEFAULT "default",`used_quota` integer DEFAULT 0,`model_mapping` text,`status_code_mapping` varchar(1024) DEFAULT "",`priority` integer DEFAULT 0,`auto_ban` integer DEFAULT 1,`other_info` text,`tag` text,`setting` text,`param_override` text,`header_override` text,`remark` varchar(255),`channel_info` json,`settings` text,PRIMARY KEY (`id`));
INSERT INTO channels VALUES(1,52,'vda_843332282906320896_cRNYnyjLA2GnhGRUQtb6aDcb1ngTaSxy',NULL,'',1,'vidu',0,1758609702,0,0,'','',0.0,0,'viduq1,vidu2.0,vidu1.5','default',15150000,'','',0,1,'','','{"force_format":false,"thinking_to_content":false,"proxy":"","pass_through_body_enabled":false,"system_prompt":"","system_prompt_override":false}',NULL,NULL,'',X'7b2269735f6d756c74695f6b6579223a66616c73652c226d756c74695f6b65795f73697a65223a302c226d756c74695f6b65795f7374617475735f6c697374223a6e756c6c2c226d756c74695f6b65795f706f6c6c696e675f696e646578223a302c226d756c74695f6b65795f6d6f6465223a2272616e646f6d227d','');
INSERT INTO channels VALUES(2,2,'sk-JO438PQ5WpZFtR9Gt5tMN119FmD1bG6YDtmczNgGyDIMCHc1',NULL,'',1,'mj',0,1758609764,0,0,'https://api.bltcy.ai','',0.0,0,'mj_imagine,mj_variation,mj_reroll,mj_blend,mj_upscale,mj_describe,mj_uploads','default',100000,'','',0,1,'','','{"force_format":false,"thinking_to_content":false,"proxy":"","pass_through_body_enabled":false,"system_prompt":"","system_prompt_override":false}',NULL,NULL,'',X'7b2269735f6d756c74695f6b6579223a66616c73652c226d756c74695f6b65795f73697a65223a302c226d756c74695f6b65795f7374617475735f6c697374223a6e756c6c2c226d756c74695f6b65795f706f6c6c696e675f696e646578223a302c226d756c74695f6b65795f6d6f6465223a22227d','');
INSERT INTO channels VALUES(3,36,'sk-JO438PQ5WpZFtR9Gt5tMN119FmD1bG6YDtmczNgGyDIMCHc1',NULL,'',1,'suno',0,1758609787,0,0,'https://api.bltcy.ai','',0.0,0,'suno_music,suno_lyrics','default',0,'','',0,1,'','','{"force_format":false,"thinking_to_content":false,"proxy":"","pass_through_body_enabled":false,"system_prompt":"","system_prompt_override":false}',NULL,NULL,'',X'7b2269735f6d756c74695f6b6579223a66616c73652c226d756c74695f6b65795f73697a65223a302c226d756c74695f6b65795f7374617475735f6c697374223a6e756c6c2c226d756c74695f6b65795f706f6c6c696e675f696e646578223a302c226d756c74695f6b65795f6d6f6465223a22227d','');
INSERT INTO channels VALUES(4,1,'sk-JO438PQ5WpZFtR9Gt5tMN119FmD1bG6YDtmczNgGyDIMCHc1','','',1,'chat',0,1758610011,0,0,'https://api.bltcy.ai','',0.0,0,'gpt-4o,gpt-4.1,gpt-5,gpt-5-nano,o1,chatgpt-4o-latest,dall-e-3,gpt-3.5-turbo,gpt-3.5-turbo-0125,gpt-3.5-turbo-0301,gpt-3.5-turbo-0613,gpt-3.5-turbo-1106,gpt-3.5-turbo-16k,gpt-3.5-turbo-16k-0613,gpt-3.5-turbo-instruct,gpt-4,gpt-4-0125-preview,gpt-4-0314,gpt-4-0613,gpt-4-1106-preview,gpt-4-1106-vision-preview,gpt-4-32k,gpt-4-32k-0314,gpt-4-32k-0613,gpt-4-turbo,gpt-4-turbo-2024-04-09,gpt-4-turbo-preview,gpt-4-vision-preview,gpt-4.1-2025-04-14,gpt-4.1-mini,gpt-4.1-mini-2025-04-14,gpt-4.1-nano,gpt-4.1-nano-2025-04-14,gpt-4o-2024-05-13,gpt-4o-2024-08-06,gpt-4o-2024-11-20,gpt-4o-mini,gpt-4o-mini-2024-07-18,gpt-5-2025-08-07,gpt-5-chat,gpt-5-chat-latest,gpt-5-high,gpt-5-low,gpt-5-medium,gpt-5-mini,gpt-5-mini-2025-08-07,gpt-5-nano-2025-08-07,o1-2024-12-17,o1-mini,o1-mini-2024-09-12,o1-preview,o1-preview-2024-09-12,o3-mini,o3-mini-2025-01-31,o3-mini-2025-01-31-high,o3-mini-2025-01-31-low,o3-mini-2025-01-31-medium,o3-mini-high,o3-mini-low,o3-mini-medium,o3-pro,o3-pro-2025-06-10,o4-mini,o4-mini-2025-04-16,text-embedding-3-large,text-embedding-3-small,text-embedding-ada-002,bfl/flux-kontext-max,bfl/flux-kontext-pro,black-forest-labs/flux-kontext-dev,black-forest-labs/flux-kontext-max,black-forest-labs/flux-kontext-pro,fal-ai/flux-pro/kontext/max/text-to-image,fal-ai/flux-pro/kontext/text-to-image,fal-ai/recraft/v3/text-to-image,flux-kontext-apps/multi-image-kontext-max,flux-kontext-apps/multi-image-kontext-pro,flux-kontext-max,flux-kontext-pro,gpt-3.5-net,gpt-4-all,gpt-4-dalle,gpt-4-gizmo,gpt-4-gizmo-*,gpt-4-net,gpt-4-v,gpt-4-vision,gpt-4-vision-compatible,gpt-4o-all,gpt-4o-image,gpt-4o-image-vip,gpt-4o-study,gpt-image-1,gpt-oss-120b,gpt-oss-20b,gpt-test,kling-text-to-audio,kling-text-to-audio-feed,net-gpt-3.5-turbo,net-gpt-3.5-turbo-0314,net-gpt-3.5-turbo-0613,net-gpt-3.5-turbo-16k,net-gpt-3.5-turbo-16k-0314,net-gpt-3.5-turbo-16k-0613,net-gpt-4,net-gpt-4-0125-preview,net-gpt-4-0314,net-gpt-4-0613,net-gpt-4-1106-preview,net-gpt-4-32k,net-gpt-4-turbo,net-gpt-4-turbo-preview,net-gpt-4o,o1-all,o1-mini-all,o1-preview-all,o1-pro,o1-pro-all,o3,o3-2025-04-16,o3-all,o3-mini-all,o3-mini-high-all,o4-mini-all,o4-mini-dr,o4-mini-high-all,search-gpts,search-gpts-chat,veo3,veo3-fast,veo3-fast-frames,veo3-pro,veo3-pro-frames,babbage-002,dall-e-2,davinci-002,gpt-3.5-turbo-instruct-0914,gpt-4o-audio-preview,gpt-4o-audio-preview-2024-10-01,gpt-4o-audio-preview-2024-12-17,gpt-4o-audio-preview-2025-06-03,gpt-4o-mini-audio-preview,gpt-4o-mini-audio-preview-2024-12-17,gpt-4o-mini-search-preview,gpt-4o-mini-search-preview-2025-03-11,gpt-4o-mini-transcribe,gpt-4o-mini-tts,gpt-4o-realtime-preview,gpt-4o-realtime-preview-2024-10-01,gpt-4o-realtime-preview-2024-12-17,gpt-4o-search-preview,gpt-4o-search-preview-2025-03-11,gpt-4o-transcribe,gpt-5-mini-flex,gpt-5-mini-medium,gpt-5-mini-minimal,gpt-audio,gpt-audio-2025-08-28,o1-pro-2025-03-19,o3-deep-research,o3-deep-research-2025-06-26,o4-mini-deep-research,o4-mini-deep-research-2025-06-26,text-ada-001,text-babbage-001,text-curie-001,text-davinci-002,text-davinci-003,text-davinci-edit-001,text-embedding-v1,text-moderation-latest,text-moderation-stable,text-search-ada-doc-001,tts-1,tts-1-1106,tts-1-hd,tts-1-hd-1106,whisper-1,code-davinci-edit-001,gpt-5-chat-2025-08-07,text-moderation-007,gpt-5-codex,gpt-5-codex-high,gpt-5-codex-low,gpt-5-codex-medium,gpt-5-all,gpt-5-thinking,gpt-5-thinking-all,advanced-voice,aion-1.0,andreasjansson/stable-diffusion-animation,anubis-70b-v1.1,anubis-pro-105b-v1,avatar-feed,avatar-generate,avatar-voice,BAAI/bge-large-en-v1.5,BAAI/bge-large-zh-v1.5,BAAI/bge-m3,BAAI/bge-reranker-v2-m3,Balanced,bfl-feed,bfl-gen,bfl/flux-dev,bfl/flux-pro,bfl/flux-pro-1.1,bfl/flux-pro-1.1-ultra,bge-m3,bind-image_sync-feed,black-forest-labs/flux-1.1-pro,black-forest-labs/flux-1.1-pro-ultra,black-forest-labs/flux-dev,black-forest-labs/flux-fill-dev,black-forest-labs/flux-fill-pro,black-forest-labs/flux-krea-dev,black-forest-labs/flux-pro,black-forest-labs/flux-schnell,chirp-v2-xxl-alpha,chirp-v3-0,cjwbw/rembg,codestral-2508,codex-mini,cogvideox,Creative,devstral-medium,devstral-small,direct-generate-pptx,docmee,docmee-ppt-generate,docmee-ppt-proxy,fal-ai/flux-1/dev,fal-ai/flux-1/dev/image-to-image,fal-ai/flux-1/dev/redux,fal-ai/flux-1/schnell,fal-ai/flux-1/schnell/redux,fal-ai/flux-pro/kontext,fal-ai/flux-pro/kontext/max,fal-ai/flux-pro/kontext/max/multi,fal-ai/flux-pro/kontext/multi,fal-ai/flux/krea,fal-ai/flux/krea/image-to-image,fal-ai/flux/krea/redux,fal-ai/nano-banana,fal-ai/nano-banana/edit,fal-ai/recraft/upscale/creative,fal-ai/recraft/upscale/crisp,fal-ai/recraft/v3/create-style,fal-ai/recraft/v3/image-to-image,fal-ai/recraft/vectorize,flux,flux-dev,flux-pro,flux-pro-1.1,flux-pro-1.1-ultra,flux-pro-max,flux-schnell,flux.1.1-pro,gemma-2-9b-it,gemma-3-12b-it,gemma-3-27b-it,gemma-3-4b-it,gemma-3n-e4b-it,google-feed,google-palm,google-videos,google/imagen-4,google/imagen-4-fast,google/imagen-4-ultra,google/veo-3,hailuo-feed,hailuo-video,hermes-4-405b,hermes-4-70b,higgsfield-ads,higgsfield-feed,higgsfield-generate,higgsfield-get_temp,higgsfield-lite,higgsfield-speech,higgsfield-standard,higgsfield-turbo,I2V-01,I2V-01-Director,I2V-01-live,ideogram-ai/ideogram-v2-turbo,ideogram-describe,ideogram-edit-v3,ideogram-generate,ideogram-generate-v3,ideogram-reframe-v3,ideogram-remix,ideogram-remix-v3,ideogram-replace-background-v3,ideogram-upscale,internvl3-78b,jimeng-feed,jimeng-videos,kimi-k2-0711-preview,kimi-k2-0905,kimi-k2-250905,kling-effects,kling-feed,kling-image,kling-image-expend,kling-image-expend-feed,kling-image-v1,kling-image-v1-5,kling-image-v2,kling-image-v2-1,kling-kolors-virtual-try-on,kling-lip-sync,kling-multi-image2image,kling-multi-image2image-feed,kling-video,kling-video-extend,kling-video-to-audio,kling-video-to-audio-feed,kling-video-v1,kling-video-v1-5,kling-video-v1-6,kling-video-v2-1,kling-video-v2-1-master,kling-video-v2-master,kolors-virtual-try-on-v1,kolors-virtual-try-on-v1-5,l3-lunaris-8b,l3.1-euryale-70b,l3.3-euryale-70b,lfm-3b,lfm-7b,longcat-flash-chat,lucataco/animate-diff,lucataco/flux-dev-lora,lucataco/flux-schnell-lora,lucataco/remove-bg,luma,luma_video_api,luma-proxy,luma-v2-feed,luma-v2-video,midjourney,minimax-01,minimax-feed,minimax-file,MiniMax-Hailuo-02,minimax-m1-80k,minimax-video,minimax/video-01,minimax/video-01-live,ministral-3b,ministral-8b,mixtral-8x22b,mixtral-8x7b,mixtral-8x7b-instruct,mj-uploads,morph-v3-large,mythomax-l2-13b,nano-banana,nano-banana-hd,nemotron-nano-9b-v2,netease-youdao/bce-reranker-base_v1,nova-lite-v1,nova-micro-v1,Phi-4,phi-4-multimodal-instruct,phi-4-reasoning,pika_v1,pika_v1-feed,pika_v1-generate,pika-feed,pika-generate,pika-get_affects,pixverse_v1-character,pixverse_v1-feed,pixverse_v1-feed-post,pixverse_v1-video,pixverse-character,pixverse-feed,pixverse-video,pixverse-video-v1,playground-v2.5,Precise,prunaai/vace-14b,qvq-max-2025-03-25,qwq-32b,qwq-32b-preview,qwq-plus,recraft-ai/recraft-v3,recraft-ai/recraft-v3-svg,recraft-generations,recraftv3,remm-slerp-l2-13b,replicate-feed,replicate-predictions-url,replicate-predictions-version,riffusion-feed,riffusion-generate,riffusion-music,riffusion-upload,riffusion/riffusion,rocinante-12b,runway_duomi,runway_duomi-act_one,runway_duomi-feed,runway_duomi-generate,runway_duomi-video2video,runway-act_one,runway-act_two,runway-aleph,runway-generate,runway-v1,runway-v1-feed,runway-v1-proxy,runway-v1-uploads,runway-video2video,runwayml-feed,runwayml-gen3a_turbo,runwayml-gen4_turbo,runwayml-generate,S2V-01,seededit,seedream-3.0,skyfall-36b-v2,sonar-deep-research,sonar-pro,sonar-reasoning-pro,sora_image,sora_image-vip,sora-1:1-480p-10s,sora-1:1-480p-5s,sora-1:1-720p-5s,sora-16:9-480p-10s,sora-16:9-480p-5s,sora-16:9-720p-5s,sora-9:16-480p-10s,sora-9:16-480p-5s,sora-9:16-720p-5s,sora-feed,sora-video,stability-ai/sdxl,stability-ai/stable-diffusion,stability-ai/stable-diffusion-img2img,stability-ai/stable-diffusion-inpainting,stable-diffusion,stable-diffusion-3-2b,sujaykhandekar/object-removal,suno,suno_act-stems,suno_concat,suno_lyrics,suno_music,suno_upload,suno-act-mp4,suno-act-stems,suno-act-timing,suno-act-wav,suno-actions,suno-feed-uploads,suno-persona,suno-uploads-audio,suno-uploads-finish,suno-uploads-init-clip,swap_face,T2V-01,T2V-01-Director,ui-tars-1.5-7b,unslopnemo-12b,v2-feed,veo2,veo2-fast,veo2-fast-components,veo2-fast-frames,veo2-pro,viggle,viggle-create,viggle-pro,viggle-pro-create,viggle-pro-proxy,viggle-proxy,volcv-dalle,volcv-v1,wan2.2-i2v-flash,wan2.2-i2v-plus,wan2.2-t2v-plus,wanx2.1-i2v-plus,wanx2.1-i2v-turbo,wanx2.1-kf2v-plus,wanx2.1-t2v-plus,wanx2.1-t2v-turbo,computer-use-preview,computer-use-preview-2025-03-11,omni-moderation-2024-09-26,omni-moderation-latest,deepl-en,deepl-zh,tongyi-deepresearch-30b-a3b,moonshot-v1-128k,moonshot-v1-32k,moonshot-v1-8k,moonshotai/kimi-k2-instruct,jina-reranker-v2-base-multilingual,hunyuan-t1,grok-3,grok-4,grok-2,grok-2-1212,grok-2-image,grok-2-image-1212,grok-2-vision,grok-2-vision-1212,grok-3-beta,grok-3-fast,grok-3-fast-beta,grok-3-mini,grok-3-mini-beta,grok-3-mini-beta-high,grok-3-mini-beta-low,grok-3-mini-beta-medium,grok-3-mini-fast,grok-3-mini-fast-beta,grok-3-mini-fast-beta-high,grok-3-mini-fast-beta-low,grok-3-mini-fast-beta-medium,grok-4-0709,grok-4-fast-non-reasoning,grok-4-fast-reasoning,grok-beta,grok-code-fast-1,grok-vision-beta,glm-3-turbo,glm-4,glm-4-plus,glm-4.1v-9b-thinking,glm-4.1v-thinking-flash,glm-4.1v-thinking-flashx,glm-4.5,glm-4.5-air,glm-4.5-airx,glm-4.5-flash,glm-4.5-x,glm-4.5v,glm-4v,glm-z1-air,glm-z1-airx,glm-z1-flash,gemini-1.5-flash,gemini-1.5-flash-002,gemini-1.5-flash-latest,gemini-1.5-pro,gemini-1.5-pro-002,gemini-1.5-pro-latest,gemini-2.0-flash,gemini-2.0-flash-001,gemini-2.0-flash-exp-image,gemini-2.0-flash-exp-image-generation,gemini-2.0-flash-lite,gemini-2.0-flash-lite-001,gemini-2.0-flash-lite-preview,gemini-2.0-flash-lite-preview-02-05,gemini-2.0-flash-preview-image-generation,gemini-2.5-flash,gemini-2.5-flash-image-preview,gemini-2.5-flash-lite,gemini-2.5-flash-lite-preview-06-17,gemini-2.5-flash-lite-preview-06-17-thinking,gemini-2.5-flash-nothinking,gemini-2.5-flash-preview-04-17,gemini-2.5-flash-preview-04-17-nothinking,gemini-2.5-flash-preview-04-17-thinking,gemini-2.5-flash-preview-05-20,gemini-2.5-flash-preview-05-20-nothinking,gemini-2.5-flash-preview-05-20-thinking,gemini-2.5-flash-thinking,gemini-2.5-pro,gemini-2.5-pro-nothinking,gemini-2.5-pro-preview-03-25,gemini-2.5-pro-preview-05-06,gemini-2.5-pro-preview-06-05,gemini-2.5-pro-preview-06-05-nothinking,gemini-2.5-pro-preview-06-05-thinking,gemini-2.5-pro-thinking,gemini-2.5-pro-thinking-*,gemini-2.5-pro-thinking-128,gemini-pro,fal-ai/qwen-image,fal-ai/qwen-image-edit,qwen-2.5-72b-instruct,qwen-2.5-7b-instruct,qwen-2.5-vl-7b-instruct,qwen-72b,qwen-image,qwen-image-edit,qwen-long,qwen-max,qwen-max-latest,qwen-plus,qwen-turbo,qwen-vl-max-latest,qwen-vl-plus-latest,Qwen/Qwen2.5-7B-Instruct,qwen2-vl-7b-instruct,qwen2.5-14b-instruct,qwen2.5-14b-instruct-1m,qwen2.5-32b-instruct,qwen2.5-72b-instruct,qwen2.5-7b-instruct,qwen2.5-7b-instruct-1m,qwen2.5-coder-14b-instruct,qwen2.5-coder-32b-instruct,qwen2.5-coder-7b-instruct,qwen2.5-vl-32b-instruct,qwen2.5-vl-3b-instruct,qwen2.5-vl-72b-instruct,qwen2.5-vl-7b-instruct,qwen3-0.6b,qwen3-1.7b,qwen3-14b,qwen3-235b-a22b,qwen3-235b-a22b-2507,qwen3-235b-a22b-instruct-2507,qwen3-235b-a22b-thinking-2507,qwen3-30b-a3b,qwen3-30b-a3b-instruct-2507,qwen3-32b,qwen3-4b,qwen3-8b,qwen3-coder-30b-a3b-instruct,qwen3-coder-480b-a35b-instruct,qwen3-coder-flash,qwen3-coder-plus,qwen3-embedding-0.6b,qwen3-embedding-4b,qwen3-embedding-8b,qwen3-max-preview,qwen3-next-80b-a3b-instruct,qwen3-reranker-0.6b,qwen3-reranker-4b,qwen3-reranker-8b,ernie-4.5-300b-a47b,doubao-1-5-lite-32k-250115,doubao-1-5-pro-256k-250115,doubao-1-5-pro-32k-250115,doubao-1-5-pro-thinking,doubao-1-5-thinking-pro-250415,doubao-1-5-thinking-pro-m-250428,doubao-1-5-thinking-vision-pro-250428,doubao-1-5-ui-tars-250428,doubao-1-5-vision-pro-250328,doubao-1-5-vision-pro-32k,doubao-1-5-vision-pro-32k-250115,doubao-1.5-pro-256k,doubao-1.5-vision-lite-250315,doubao-1.5-vision-pro-250328,doubao-1.5-vision-pro-32k,doubao-lite-32k,doubao-lite-32k-240828,doubao-lite-32k-character-250228,doubao-lite-4k,doubao-pro-128k,doubao-pro-256k,doubao-pro-32k,doubao-pro-32k-241215,doubao-pro-32k-character-241215,doubao-seed-1-6-250615,doubao-seed-1-6-flash-250615,doubao-seed-1-6-nothinking-250615,doubao-seed-1-6-nothinking-250715,doubao-seed-1-6-thinking-250615,doubao-seed-1-6-thinking-250715,doubao-seedance-1-0-lite-i2v-250428,doubao-seedance-1-0-lite-t2v-250428,doubao-seedance-1-0-pro-250528,doubao-seededit-3-0-i2i-250628,doubao-seedream-3-0-t2i-250415,doubao-seedream-4-0-250828,doubao-vision-pro-32k,deepseek-r1,cogito-v2-preview-deepseek-671b,deepseek-ai/DeepSeek-R1,deepseek-ai/deepseek-vl2,deepseek-ai/Janus-Pro-7B,deepseek-chat,deepseek-coder,deepseek-coder-v2-instruct,deepseek-llm-67b-chat,deepseek-r1-0528,deepseek-r1-250120,deepseek-r1-250528,deepseek-r1-distill-llama-70b,deepseek-r1-distill-llama-8b,deepseek-r1-metasearch,deepseek-r1-search,deepseek-r1:1.5b,deepseek-r1:70b,deepseek-r1:8b,deepseek-reasoner,deepseek-reasoner-164k,deepseek-reasoner-all,deepseek-search,deepseek-v2-chat,deepseek-v3,deepseek-v3-0324,deepseek-v3-1-250821,deepseek-v3-1-250821-thinking,deepseek-v3-250324,deepseek-v3-search,deepseek-v3.1,claude-3-5-haiku-20241022,claude-3-5-sonnet-20241022,claude-3-7-sonnet-20250219,claude-3-7-sonnet-20250219-thinking,claude-3-opus-20240229,claude-opus-4-1-20250805,claude-opus-4-1-20250805-thinking,claude-opus-4-20250514,claude-opus-4-20250514-thinking,claude-sonnet-4-20250514,claude-sonnet-4-20250514-thinking,claude-3-5-haiku-latest,claude-3-5-sonnet-20240620,claude-3-5-sonnet-latest,claude-3-7-sonnet-thinking,claude-3-haiku-20240307,claude-3-opus-latest,claude-3-sonnet-20240229,claude-1.3,claude-1.3-100k,claude-3-5-sonnet-all,claude-opus-4.1,claude-3-5-sonnet,claude-3-haiku,claude-3-opus,claude-3-sonnet,code-llama-13b,code-llama-34b,code-llama-7b,hermes-2-pro-llama-3-8b,hermes-3-llama-3.1-405b,hermes-3-llama-3.1-70b,llama-2-13b,llama-2-70b,llama-2-7b,llama-3-70b,llama-3-8b,llama-3-8b-instruct,llama-3-sonar-large-32k-chat,llama-3-sonar-large-32k-online,llama-3-sonar-small-32k-chat,llama-3-sonar-small-32k-online,llama-3.1-405b,llama-3.1-405b-instruct,llama-3.1-70b,llama-3.1-8b,llama-3.1-8b-instruct,llama-3.1-lumimaid-8b,llama-3.2-11b-vision-instruct,llama-3.2-1b-instruct,llama-3.2-3b-instruct,llama-3.2-90b-vision-instruct,llama-3.3-70b-instruct-fp8-fast,llama-4-maverick,llama-4-maverick-17b-128e-instruct-fp8,llama-4-scout,llama-4-scout-17b-16e-instruct,llama-guard-4-12b','default',146312,'','',0,1,'','','{"force_format":false,"thinking_to_content":false,"proxy":"","pass_through_body_enabled":false,"system_prompt":"","system_prompt_override":false}',NULL,NULL,'',X'7b2269735f6d756c74695f6b6579223a66616c73652c226d756c74695f6b65795f73697a65223a302c226d756c74695f6b65795f7374617475735f6c697374223a6e756c6c2c226d756c74695f6b65795f706f6c6c696e675f696e646578223a302c226d756c74695f6b65795f6d6f6465223a22227d','');
INSERT INTO channels VALUES(5,1,'sk-JO438PQ5WpZFtR9Gt5tMN119FmD1bG6YDtmczNgGyDIMCHc1','','',1,'nano-banana',0,1758771051,0,0,'https://api.bltcy.ai','',0.0,0,'nano-banana,nano-banana-hd','default',60000,'','',0,1,'','','{"force_format":false,"thinking_to_content":false,"proxy":"","pass_through_body_enabled":false,"system_prompt":"","system_prompt_override":false}',NULL,NULL,'',X'7b2269735f6d756c74695f6b6579223a66616c73652c226d756c74695f6b65795f73697a65223a302c226d756c74695f6b65795f7374617475735f6c697374223a6e756c6c2c226d756c74695f6b65795f706f6c6c696e675f696e646578223a302c226d756c74695f6b65795f6d6f6465223a22227d','');
CREATE TABLE `tokens` (`id` integer,`user_id` integer,`key` char(48),`status` integer DEFAULT 1,`name` text,`created_time` integer,`accessed_time` integer,`expired_time` integer DEFAULT -1,`remain_quota` integer DEFAULT 0,`unlimited_quota` numeric,`model_limits_enabled` numeric,`model_limits` varchar(1024) DEFAULT "",`allow_ips` text DEFAULT "",`used_quota` integer DEFAULT 0,`group` text DEFAULT "",`deleted_at` datetime,PRIMARY KEY (`id`));
INSERT INTO tokens VALUES(1,1,'xHO8wq8Sj3l8k9tp8r3e4zCJQXTanh5bpGl8018zQEm9TaAc',1,'1',1758610037,1758781257,-1,-14954815,1,0,'','',15454815,'',NULL);
CREATE TABLE `options` (`key` text,`value` text,PRIMARY KEY (`key`));
INSERT INTO options VALUES('SelfUseModeEnabled','false');
INSERT INTO options VALUES('DemoSiteEnabled','false');
INSERT INTO options VALUES('ModelPrice',unistr('{\u000a  "nano-banana-hd": 0.12,\u000a  "nano-banana": 0.04,\u000a  "viduq1": 2.5,\u000a  "dall-e-3": 0.04,\u000a  "gpt-4-gizmo-*": 0.1,\u000a  "imagen-3.0-generate-002": 0.03,\u000a  "mj_blend": 0.1,\u000a  "mj_custom_zoom": 0,\u000a  "mj_describe": 0.05,\u000a  "mj_edits": 0.1,\u000a  "mj_high_variation": 0.1,\u000a  "mj_imagine": 0.1,\u000a  "mj_inpaint": 0,\u000a  "mj_low_variation": 0.1,\u000a  "mj_modal": 0.1,\u000a  "mj_pan": 0.1,\u000a  "mj_reroll": 0.1,\u000a  "mj_shorten": 0.1,\u000a  "mj_upload": 0.05,\u000a  "mj_upscale": 0.05,\u000a  "mj_variation": 0.1,\u000a  "mj_video": 0.8,\u000a  "mj_zoom": 0.1,\u000a  "suno_lyrics": 0.01,\u000a  "suno_music": 0.1,\u000a  "swap_face": 0.05\u000a}'));
INSERT INTO options VALUES('CompletionRatio',unistr('{\u000a  "gpt-4-all": 2,\u000a  "gpt-4o-gizmo-*": 3,\u000a  "gpt-image-1": 8\u000a}'));
INSERT INTO options VALUES('ModelRatio',unistr('{\u000a  "360GPT_S2_V9": 0.8572,\u000a  "360gpt-pro": 0.8572,\u000a  "360gpt-turbo": 0.0858,\u000a  "360gpt-turbo-responsibility-8k": 0.8572,\u000a  "360gpt2-pro": 0.8572,\u000a  "BLOOMZ-7B": 0.273972602739726,\u000a  "ERNIE-3.5-4K-0205": 0.821917808219178,\u000a  "ERNIE-3.5-8K": 0.821917808219178,\u000a  "ERNIE-3.5-8K-0205": 1.643835616438356,\u000a  "ERNIE-3.5-8K-1222": 0.821917808219178,\u000a  "ERNIE-4.0-8K": 8.219178082191782,\u000a  "ERNIE-Bot-8K": 1.643835616438356,\u000a  "ERNIE-Lite-8K-0308": 0.2054794520547945,\u000a  "ERNIE-Lite-8K-0922": 0.547945205479452,\u000a  "ERNIE-Speed-128K": 0.273972602739726,\u000a  "ERNIE-Speed-8K": 0.273972602739726,\u000a  "ERNIE-Tiny-8K": 0.0684931506849315,\u000a  "Embedding-V1": 0.136986301369863,\u000a  "PaLM-2": 1,\u000a  "SparkDesk-v1.1": 1.2858,\u000a  "SparkDesk-v2.1": 1.2858,\u000a  "SparkDesk-v3.1": 1.2858,\u000a  "SparkDesk-v3.5": 1.2858,\u000a  "SparkDesk-v4.0": 1.2858,\u000a  "ada": 10,\u000a  "babbage": 10,\u000a  "babbage-002": 0.2,\u000a  "bge-large-en": 0.136986301369863,\u000a  "bge-large-zh": 0.136986301369863,\u000a  "chatglm_lite": 0.1429,\u000a  "chatglm_pro": 0.7143,\u000a  "chatglm_std": 0.3572,\u000a  "chatglm_turbo": 0.3572,\u000a  "chatgpt-4o-latest": 2.5,\u000a  "claude-2.0": 4,\u000a  "claude-2.1": 4,\u000a  "claude-3-5-haiku-20241022": 0.5,\u000a  "claude-3-5-sonnet-20240620": 1.5,\u000a  "claude-3-5-sonnet-20241022": 1.5,\u000a  "claude-3-7-sonnet-20250219": 1.5,\u000a  "claude-3-7-sonnet-20250219-thinking": 1.5,\u000a  "claude-3-haiku-20240307": 0.125,\u000a  "claude-3-opus-20240229": 7.5,\u000a  "claude-3-sonnet-20240229": 1.5,\u000a  "claude-instant-1": 0.4,\u000a  "claude-opus-4-1-20250805": 7.5,\u000a  "claude-opus-4-20250514": 7.5,\u000a  "claude-sonnet-4-20250514": 1.5,\u000a  "code-davinci-edit-001": 10,\u000a  "command": 0.5,\u000a  "command-light": 0.5,\u000a  "command-light-nightly": 0.5,\u000a  "command-nightly": 0.5,\u000a  "command-r": 0.25,\u000a  "command-r-08-2024": 0.075,\u000a  "command-r-plus": 1.5,\u000a  "command-r-plus-08-2024": 1.25,\u000a  "curie": 10,\u000a  "davinci": 10,\u000a  "davinci-002": 1,\u000a  "deepseek-chat": 0.135,\u000a  "deepseek-coder": 0.135,\u000a  "deepseek-reasoner": 0.275,\u000a  "embedding-bert-512-v1": 0.0715,\u000a  "embedding_s1_v1": 0.0715,\u000a  "gemini-1.5-flash-latest": 0.075,\u000a  "gemini-1.5-pro-latest": 1.25,\u000a  "gemini-2.0-flash": 0.05,\u000a  "gemini-2.5-flash": 0.15,\u000a  "gemini-2.5-flash-lite-preview-06-17": 0.05,\u000a  "gemini-2.5-flash-lite-preview-thinking-*": 0.05,\u000a  "gemini-2.5-flash-preview-04-17": 0.075,\u000a  "gemini-2.5-flash-preview-04-17-nothinking": 0.075,\u000a  "gemini-2.5-flash-preview-04-17-thinking": 0.075,\u000a  "gemini-2.5-flash-preview-05-20": 0.075,\u000a  "gemini-2.5-flash-preview-05-20-nothinking": 0.075,\u000a  "gemini-2.5-flash-preview-05-20-thinking": 0.075,\u000a  "gemini-2.5-flash-thinking-*": 0.075,\u000a  "gemini-2.5-pro": 0.625,\u000a  "gemini-2.5-pro-exp-03-25": 0.625,\u000a  "gemini-2.5-pro-preview-03-25": 0.625,\u000a  "gemini-2.5-pro-thinking-*": 0.625,\u000a  "gemini-embedding-001": 0.075,\u000a  "glm-3-turbo": 0.3572,\u000a  "glm-4": 7.143,\u000a  "glm-4-0520": 6.8493150684931505,\u000a  "glm-4-air": 0.0684931506849315,\u000a  "glm-4-airx": 0.684931506849315,\u000a  "glm-4-alltools": 6.8493150684931505,\u000a  "glm-4-flash": 0,\u000a  "glm-4-long": 0.0684931506849315,\u000a  "glm-4-plus": 3.4246575342465753,\u000a  "glm-4v": 3.4246575342465753,\u000a  "glm-4v-plus": 0.684931506849315,\u000a  "gpt-3.5-turbo": 0.25,\u000a  "gpt-3.5-turbo-0125": 0.25,\u000a  "gpt-3.5-turbo-0613": 0.75,\u000a  "gpt-3.5-turbo-1106": 0.5,\u000a  "gpt-3.5-turbo-16k": 1.5,\u000a  "gpt-3.5-turbo-16k-0613": 1.5,\u000a  "gpt-3.5-turbo-instruct": 0.75,\u000a  "gpt-4": 15,\u000a  "gpt-4-0125-preview": 5,\u000a  "gpt-4-0613": 15,\u000a  "gpt-4-1106-preview": 5,\u000a  "gpt-4-1106-vision-preview": 5,\u000a  "gpt-4-32k": 30,\u000a  "gpt-4-32k-0613": 30,\u000a  "gpt-4-all": 15,\u000a  "gpt-4-turbo": 5,\u000a  "gpt-4-turbo-2024-04-09": 5,\u000a  "gpt-4-turbo-preview": 5,\u000a  "gpt-4-vision-preview": 5,\u000a  "gpt-4.1": 1,\u000a  "gpt-4.1-2025-04-14": 1,\u000a  "gpt-4.1-mini": 0.2,\u000a  "gpt-4.1-mini-2025-04-14": 0.2,\u000a  "gpt-4.1-nano": 0.05,\u000a  "gpt-4.1-nano-2025-04-14": 0.05,\u000a  "gpt-4.5-preview": 37.5,\u000a  "gpt-4.5-preview-2025-02-27": 37.5,\u000a  "gpt-4o": 1.25,\u000a  "gpt-4o-2024-05-13": 2.5,\u000a  "gpt-4o-2024-08-06": 1.25,\u000a  "gpt-4o-2024-11-20": 1.25,\u000a  "gpt-4o-all": 15,\u000a  "gpt-4o-audio-preview": 1.25,\u000a  "gpt-4o-audio-preview-2024-10-01": 1.25,\u000a  "gpt-4o-gizmo-*": 2.5,\u000a  "gpt-4o-mini": 0.075,\u000a  "gpt-4o-mini-2024-07-18": 0.075,\u000a  "gpt-4o-mini-realtime-preview": 0.3,\u000a  "gpt-4o-mini-realtime-preview-2024-12-17": 0.3,\u000a  "gpt-4o-realtime-preview": 2.5,\u000a  "gpt-4o-realtime-preview-2024-10-01": 2.5,\u000a  "gpt-4o-realtime-preview-2024-12-17": 2.5,\u000a  "gpt-5": 0.625,\u000a  "gpt-5-2025-08-07": 0.625,\u000a  "gpt-5-chat-latest": 0.625,\u000a  "gpt-5-mini": 0.125,\u000a  "gpt-5-mini-2025-08-07": 0.125,\u000a  "gpt-5-nano": 0.025,\u000a  "gpt-5-nano-2025-08-07": 0.025,\u000a  "gpt-image-1": 2.5,\u000a  "grok-2": 1,\u000a  "grok-2-vision": 1,\u000a  "grok-3-beta": 1.5,\u000a  "grok-3-fast-beta": 2.5,\u000a  "grok-3-mini-beta": 0.15,\u000a  "grok-3-mini-fast-beta": 0.3,\u000a  "grok-beta": 2.5,\u000a  "grok-vision-beta": 2.5,\u000a  "hunyuan": 7.143,\u000a  "llama-3-sonar-large-32k-chat": 0,\u000a  "llama-3-sonar-large-32k-online": 0,\u000a  "llama-3-sonar-small-32k-chat": 0.1,\u000a  "llama-3-sonar-small-32k-online": 0.1,\u000a  "o1": 7.5,\u000a  "o1-2024-12-17": 7.5,\u000a  "o1-mini": 0.55,\u000a  "o1-mini-2024-09-12": 0.55,\u000a  "o1-preview": 7.5,\u000a  "o1-preview-2024-09-12": 7.5,\u000a  "o1-pro": 75,\u000a  "o1-pro-2025-03-19": 75,\u000a  "o3": 1,\u000a  "o3-2025-04-16": 1,\u000a  "o3-deep-research": 5,\u000a  "o3-deep-research-2025-06-26": 5,\u000a  "o3-mini": 0.55,\u000a  "o3-mini-2025-01-31": 0.55,\u000a  "o3-mini-2025-01-31-high": 0.55,\u000a  "o3-mini-2025-01-31-low": 0.55,\u000a  "o3-mini-2025-01-31-medium": 0.55,\u000a  "o3-mini-high": 0.55,\u000a  "o3-mini-low": 0.55,\u000a  "o3-mini-medium": 0.55,\u000a  "o3-pro": 10,\u000a  "o3-pro-2025-06-10": 10,\u000a  "o4-mini": 0.55,\u000a  "o4-mini-2025-04-16": 0.55,\u000a  "o4-mini-deep-research": 1,\u000a  "o4-mini-deep-research-2025-06-26": 1,\u000a  "qwen-plus": 10,\u000a  "qwen-turbo": 0.8572,\u000a  "semantic_similarity_s1_v1": 0.0715,\u000a  "tao-8k": 0.136986301369863,\u000a  "text-ada-001": 0.2,\u000a  "text-babbage-001": 0.25,\u000a  "text-curie-001": 1,\u000a  "text-davinci-edit-001": 10,\u000a  "text-embedding-004": 0.001,\u000a  "text-embedding-3-large": 0.065,\u000a  "text-embedding-3-small": 0.01,\u000a  "text-embedding-ada-002": 0.05,\u000a  "text-embedding-v1": 0.05,\u000a  "text-moderation-latest": 0.1,\u000a  "text-moderation-stable": 0.1,\u000a  "text-search-ada-doc-001": 10,\u000a  "tts-1": 7.5,\u000a  "tts-1-1106": 7.5,\u000a  "tts-1-hd": 15,\u000a  "tts-1-hd-1106": 15,\u000a  "whisper-1": 15,\u000a  "yi-34b-chat-0205": 0.18,\u000a  "yi-34b-chat-200k": 0.864,\u000a  "yi-large": 1.36986301369863,\u000a  "yi-large-preview": 1.36986301369863,\u000a  "yi-large-rag": 1.7123287671232876,\u000a  "yi-large-rag-preview": 1.7123287671232876,\u000a  "yi-large-turbo": 0.821917808219178,\u000a  "yi-medium": 0.17123287671232876,\u000a  "yi-medium-200k": 0.821917808219178,\u000a  "yi-spark": 0.0684931506849315,\u000a  "yi-vision": 0.410958904109589,\u000a  "yi-vl-plus": 0.432\u000a}'));
CREATE TABLE `redemptions` (`id` integer,`user_id` integer,`key` char(32),`status` integer DEFAULT 1,`name` text,`quota` integer DEFAULT 100,`created_time` integer,`redeemed_time` integer,`used_user_id` integer,`deleted_at` datetime,`expired_time` integer,PRIMARY KEY (`id`));
CREATE TABLE `abilities` (`group` varchar(64),`model` varchar(255),`channel_id` integer,`enabled` numeric,`priority` integer DEFAULT 0,`weight` integer DEFAULT 0,`tag` text,PRIMARY KEY (`group`,`model`,`channel_id`));
INSERT INTO abilities VALUES('default','mj_imagine',2,1,0,0,'');
INSERT INTO abilities VALUES('default','mj_variation',2,1,0,0,'');
INSERT INTO abilities VALUES('default','mj_reroll',2,1,0,0,'');
INSERT INTO abilities VALUES('default','mj_blend',2,1,0,0,'');
INSERT INTO abilities VALUES('default','mj_upscale',2,1,0,0,'');
INSERT INTO abilities VALUES('default','mj_describe',2,1,0,0,'');
INSERT INTO abilities VALUES('default','mj_uploads',2,1,0,0,'');
INSERT INTO abilities VALUES('default','suno_music',3,1,0,0,'');
INSERT INTO abilities VALUES('default','suno_lyrics',3,1,0,0,'');
INSERT INTO abilities VALUES('default','gpt-4o',4,1,0,0,'');
INSERT INTO abilities VALUES('default','gpt-4.1',4,1,0,0,'');
INSERT INTO abilities VALUES('default','gpt-5',4,1,0,0,'');
INSERT INTO abilities VALUES('default','gpt-5-nano',4,1,0,0,'');
INSERT INTO abilities VALUES('default','o1',4,1,0,0,'');
INSERT INTO abilities VALUES('default','chatgpt-4o-latest',4,1,0,0,'');
INSERT INTO abilities VALUES('default','dall-e-3',4,1,0,0,'');
INSERT INTO abilities VALUES('default','gpt-3.5-turbo',4,1,0,0,'');
INSERT INTO abilities VALUES('default','gpt-3.5-turbo-0125',4,1,0,0,'');
INSERT INTO abilities VALUES('default','gpt-3.5-turbo-0301',4,1,0,0,'');
INSERT INTO abilities VALUES('default','gpt-3.5-turbo-0613',4,1,0,0,'');
INSERT INTO abilities VALUES('default','gpt-3.5-turbo-1106',4,1,0,0,'');
INSERT INTO abilities VALUES('default','gpt-3.5-turbo-16k',4,1,0,0,'');
INSERT INTO abilities VALUES('default','gpt-3.5-turbo-16k-0613',4,1,0,0,'');
INSERT INTO abilities VALUES('default','gpt-3.5-turbo-instruct',4,1,0,0,'');
INSERT INTO abilities VALUES('default','gpt-4',4,1,0,0,'');
INSERT INTO abilities VALUES('default','gpt-4-0125-preview',4,1,0,0,'');
INSERT INTO abilities VALUES('default','gpt-4-0314',4,1,0,0,'');
INSERT INTO abilities VALUES('default','gpt-4-0613',4,1,0,0,'');
INSERT INTO abilities VALUES('default','gpt-4-1106-preview',4,1,0,0,'');
INSERT INTO abilities VALUES('default','gpt-4-1106-vision-preview',4,1,0,0,'');
INSERT INTO abilities VALUES('default','gpt-4-32k',4,1,0,0,'');
INSERT INTO abilities VALUES('default','gpt-4-32k-0314',4,1,0,0,'');
INSERT INTO abilities VALUES('default','gpt-4-32k-0613',4,1,0,0,'');
INSERT INTO abilities VALUES('default','gpt-4-turbo',4,1,0,0,'');
INSERT INTO abilities VALUES('default','gpt-4-turbo-2024-04-09',4,1,0,0,'');
INSERT INTO abilities VALUES('default','gpt-4-turbo-preview',4,1,0,0,'');
INSERT INTO abilities VALUES('default','gpt-4-vision-preview',4,1,0,0,'');
INSERT INTO abilities VALUES('default','gpt-4.1-2025-04-14',4,1,0,0,'');
INSERT INTO abilities VALUES('default','gpt-4.1-mini',4,1,0,0,'');
INSERT INTO abilities VALUES('default','gpt-4.1-mini-2025-04-14',4,1,0,0,'');
INSERT INTO abilities VALUES('default','gpt-4.1-nano',4,1,0,0,'');
INSERT INTO abilities VALUES('default','gpt-4.1-nano-2025-04-14',4,1,0,0,'');
INSERT INTO abilities VALUES('default','gpt-4o-2024-05-13',4,1,0,0,'');
INSERT INTO abilities VALUES('default','gpt-4o-2024-08-06',4,1,0,0,'');
INSERT INTO abilities VALUES('default','gpt-4o-2024-11-20',4,1,0,0,'');
INSERT INTO abilities VALUES('default','gpt-4o-mini',4,1,0,0,'');
INSERT INTO abilities VALUES('default','gpt-4o-mini-2024-07-18',4,1,0,0,'');
INSERT INTO abilities VALUES('default','gpt-5-2025-08-07',4,1,0,0,'');
INSERT INTO abilities VALUES('default','gpt-5-chat',4,1,0,0,'');
INSERT INTO abilities VALUES('default','gpt-5-chat-latest',4,1,0,0,'');
INSERT INTO abilities VALUES('default','gpt-5-high',4,1,0,0,'');
INSERT INTO abilities VALUES('default','gpt-5-low',4,1,0,0,'');
INSERT INTO abilities VALUES('default','gpt-5-medium',4,1,0,0,'');
INSERT INTO abilities VALUES('default','gpt-5-mini',4,1,0,0,'');
INSERT INTO abilities VALUES('default','gpt-5-mini-2025-08-07',4,1,0,0,'');
INSERT INTO abilities VALUES('default','gpt-5-nano-2025-08-07',4,1,0,0,'');
INSERT INTO abilities VALUES('default','o1-2024-12-17',4,1,0,0,'');
INSERT INTO abilities VALUES('default','o1-mini',4,1,0,0,'');
INSERT INTO abilities VALUES('default','o1-mini-2024-09-12',4,1,0,0,'');
INSERT INTO abilities VALUES('default','o1-preview',4,1,0,0,'');
INSERT INTO abilities VALUES('default','o1-preview-2024-09-12',4,1,0,0,'');
INSERT INTO abilities VALUES('default','o3-mini',4,1,0,0,'');
INSERT INTO abilities VALUES('default','o3-mini-2025-01-31',4,1,0,0,'');
INSERT INTO abilities VALUES('default','o3-mini-2025-01-31-high',4,1,0,0,'');
INSERT INTO abilities VALUES('default','o3-mini-2025-01-31-low',4,1,0,0,'');
INSERT INTO abilities VALUES('default','o3-mini-2025-01-31-medium',4,1,0,0,'');
INSERT INTO abilities VALUES('default','o3-mini-high',4,1,0,0,'');
INSERT INTO abilities VALUES('default','o3-mini-low',4,1,0,0,'');
INSERT INTO abilities VALUES('default','o3-mini-medium',4,1,0,0,'');
INSERT INTO abilities VALUES('default','o3-pro',4,1,0,0,'');
INSERT INTO abilities VALUES('default','o3-pro-2025-06-10',4,1,0,0,'');
INSERT INTO abilities VALUES('default','o4-mini',4,1,0,0,'');
INSERT INTO abilities VALUES('default','o4-mini-2025-04-16',4,1,0,0,'');
INSERT INTO abilities VALUES('default','text-embedding-3-large',4,1,0,0,'');
INSERT INTO abilities VALUES('default','text-embedding-3-small',4,1,0,0,'');
INSERT INTO abilities VALUES('default','text-embedding-ada-002',4,1,0,0,'');
INSERT INTO abilities VALUES('default','bfl/flux-kontext-max',4,1,0,0,'');
INSERT INTO abilities VALUES('default','bfl/flux-kontext-pro',4,1,0,0,'');
INSERT INTO abilities VALUES('default','black-forest-labs/flux-kontext-dev',4,1,0,0,'');
INSERT INTO abilities VALUES('default','black-forest-labs/flux-kontext-max',4,1,0,0,'');
INSERT INTO abilities VALUES('default','black-forest-labs/flux-kontext-pro',4,1,0,0,'');
INSERT INTO abilities VALUES('default','fal-ai/flux-pro/kontext/max/text-to-image',4,1,0,0,'');
INSERT INTO abilities VALUES('default','fal-ai/flux-pro/kontext/text-to-image',4,1,0,0,'');
INSERT INTO abilities VALUES('default','fal-ai/recraft/v3/text-to-image',4,1,0,0,'');
INSERT INTO abilities VALUES('default','flux-kontext-apps/multi-image-kontext-max',4,1,0,0,'');
INSERT INTO abilities VALUES('default','flux-kontext-apps/multi-image-kontext-pro',4,1,0,0,'');
INSERT INTO abilities VALUES('default','flux-kontext-max',4,1,0,0,'');
INSERT INTO abilities VALUES('default','flux-kontext-pro',4,1,0,0,'');
INSERT INTO abilities VALUES('default','gpt-3.5-net',4,1,0,0,'');
INSERT INTO abilities VALUES('default','gpt-4-all',4,1,0,0,'');
INSERT INTO abilities VALUES('default','gpt-4-dalle',4,1,0,0,'');
INSERT INTO abilities VALUES('default','gpt-4-gizmo',4,1,0,0,'');
INSERT INTO abilities VALUES('default','gpt-4-gizmo-*',4,1,0,0,'');
INSERT INTO abilities VALUES('default','gpt-4-net',4,1,0,0,'');
INSERT INTO abilities VALUES('default','gpt-4-v',4,1,0,0,'');
INSERT INTO abilities VALUES('default','gpt-4-vision',4,1,0,0,'');
INSERT INTO abilities VALUES('default','gpt-4-vision-compatible',4,1,0,0,'');
INSERT INTO abilities VALUES('default','gpt-4o-all',4,1,0,0,'');
INSERT INTO abilities VALUES('default','gpt-4o-image',4,1,0,0,'');
INSERT INTO abilities VALUES('default','gpt-4o-image-vip',4,1,0,0,'');
INSERT INTO abilities VALUES('default','gpt-4o-study',4,1,0,0,'');
INSERT INTO abilities VALUES('default','gpt-image-1',4,1,0,0,'');
INSERT INTO abilities VALUES('default','gpt-oss-120b',4,1,0,0,'');
INSERT INTO abilities VALUES('default','gpt-oss-20b',4,1,0,0,'');
INSERT INTO abilities VALUES('default','gpt-test',4,1,0,0,'');
INSERT INTO abilities VALUES('default','kling-text-to-audio',4,1,0,0,'');
INSERT INTO abilities VALUES('default','kling-text-to-audio-feed',4,1,0,0,'');
INSERT INTO abilities VALUES('default','net-gpt-3.5-turbo',4,1,0,0,'');
INSERT INTO abilities VALUES('default','net-gpt-3.5-turbo-0314',4,1,0,0,'');
INSERT INTO abilities VALUES('default','net-gpt-3.5-turbo-0613',4,1,0,0,'');
INSERT INTO abilities VALUES('default','net-gpt-3.5-turbo-16k',4,1,0,0,'');
INSERT INTO abilities VALUES('default','net-gpt-3.5-turbo-16k-0314',4,1,0,0,'');
INSERT INTO abilities VALUES('default','net-gpt-3.5-turbo-16k-0613',4,1,0,0,'');
INSERT INTO abilities VALUES('default','net-gpt-4',4,1,0,0,'');
INSERT INTO abilities VALUES('default','net-gpt-4-0125-preview',4,1,0,0,'');
INSERT INTO abilities VALUES('default','net-gpt-4-0314',4,1,0,0,'');
INSERT INTO abilities VALUES('default','net-gpt-4-0613',4,1,0,0,'');
INSERT INTO abilities VALUES('default','net-gpt-4-1106-preview',4,1,0,0,'');
INSERT INTO abilities VALUES('default','net-gpt-4-32k',4,1,0,0,'');
INSERT INTO abilities VALUES('default','net-gpt-4-turbo',4,1,0,0,'');
INSERT INTO abilities VALUES('default','net-gpt-4-turbo-preview',4,1,0,0,'');
INSERT INTO abilities VALUES('default','net-gpt-4o',4,1,0,0,'');
INSERT INTO abilities VALUES('default','o1-all',4,1,0,0,'');
INSERT INTO abilities VALUES('default','o1-mini-all',4,1,0,0,'');
INSERT INTO abilities VALUES('default','o1-preview-all',4,1,0,0,'');
INSERT INTO abilities VALUES('default','o1-pro',4,1,0,0,'');
INSERT INTO abilities VALUES('default','o1-pro-all',4,1,0,0,'');
INSERT INTO abilities VALUES('default','o3',4,1,0,0,'');
INSERT INTO abilities VALUES('default','o3-2025-04-16',4,1,0,0,'');
INSERT INTO abilities VALUES('default','o3-all',4,1,0,0,'');
INSERT INTO abilities VALUES('default','o3-mini-all',4,1,0,0,'');
INSERT INTO abilities VALUES('default','o3-mini-high-all',4,1,0,0,'');
INSERT INTO abilities VALUES('default','o4-mini-all',4,1,0,0,'');
INSERT INTO abilities VALUES('default','o4-mini-dr',4,1,0,0,'');
INSERT INTO abilities VALUES('default','o4-mini-high-all',4,1,0,0,'');
INSERT INTO abilities VALUES('default','search-gpts',4,1,0,0,'');
INSERT INTO abilities VALUES('default','search-gpts-chat',4,1,0,0,'');
INSERT INTO abilities VALUES('default','veo3',4,1,0,0,'');
INSERT INTO abilities VALUES('default','veo3-fast',4,1,0,0,'');
INSERT INTO abilities VALUES('default','veo3-fast-frames',4,1,0,0,'');
INSERT INTO abilities VALUES('default','veo3-pro',4,1,0,0,'');
INSERT INTO abilities VALUES('default','veo3-pro-frames',4,1,0,0,'');
INSERT INTO abilities VALUES('default','babbage-002',4,1,0,0,'');
INSERT INTO abilities VALUES('default','dall-e-2',4,1,0,0,'');
INSERT INTO abilities VALUES('default','davinci-002',4,1,0,0,'');
INSERT INTO abilities VALUES('default','gpt-3.5-turbo-instruct-0914',4,1,0,0,'');
INSERT INTO abilities VALUES('default','gpt-4o-audio-preview',4,1,0,0,'');
INSERT INTO abilities VALUES('default','gpt-4o-audio-preview-2024-10-01',4,1,0,0,'');
INSERT INTO abilities VALUES('default','gpt-4o-audio-preview-2024-12-17',4,1,0,0,'');
INSERT INTO abilities VALUES('default','gpt-4o-audio-preview-2025-06-03',4,1,0,0,'');
INSERT INTO abilities VALUES('default','gpt-4o-mini-audio-preview',4,1,0,0,'');
INSERT INTO abilities VALUES('default','gpt-4o-mini-audio-preview-2024-12-17',4,1,0,0,'');
INSERT INTO abilities VALUES('default','gpt-4o-mini-search-preview',4,1,0,0,'');
INSERT INTO abilities VALUES('default','gpt-4o-mini-search-preview-2025-03-11',4,1,0,0,'');
INSERT INTO abilities VALUES('default','gpt-4o-mini-transcribe',4,1,0,0,'');
INSERT INTO abilities VALUES('default','gpt-4o-mini-tts',4,1,0,0,'');
INSERT INTO abilities VALUES('default','gpt-4o-realtime-preview',4,1,0,0,'');
INSERT INTO abilities VALUES('default','gpt-4o-realtime-preview-2024-10-01',4,1,0,0,'');
INSERT INTO abilities VALUES('default','gpt-4o-realtime-preview-2024-12-17',4,1,0,0,'');
INSERT INTO abilities VALUES('default','gpt-4o-search-preview',4,1,0,0,'');
INSERT INTO abilities VALUES('default','gpt-4o-search-preview-2025-03-11',4,1,0,0,'');
INSERT INTO abilities VALUES('default','gpt-4o-transcribe',4,1,0,0,'');
INSERT INTO abilities VALUES('default','gpt-5-mini-flex',4,1,0,0,'');
INSERT INTO abilities VALUES('default','gpt-5-mini-medium',4,1,0,0,'');
INSERT INTO abilities VALUES('default','gpt-5-mini-minimal',4,1,0,0,'');
INSERT INTO abilities VALUES('default','gpt-audio',4,1,0,0,'');
INSERT INTO abilities VALUES('default','gpt-audio-2025-08-28',4,1,0,0,'');
INSERT INTO abilities VALUES('default','o1-pro-2025-03-19',4,1,0,0,'');
INSERT INTO abilities VALUES('default','o3-deep-research',4,1,0,0,'');
INSERT INTO abilities VALUES('default','o3-deep-research-2025-06-26',4,1,0,0,'');
INSERT INTO abilities VALUES('default','o4-mini-deep-research',4,1,0,0,'');
INSERT INTO abilities VALUES('default','o4-mini-deep-research-2025-06-26',4,1,0,0,'');
INSERT INTO abilities VALUES('default','text-ada-001',4,1,0,0,'');
INSERT INTO abilities VALUES('default','text-babbage-001',4,1,0,0,'');
INSERT INTO abilities VALUES('default','text-curie-001',4,1,0,0,'');
INSERT INTO abilities VALUES('default','text-davinci-002',4,1,0,0,'');
INSERT INTO abilities VALUES('default','text-davinci-003',4,1,0,0,'');
INSERT INTO abilities VALUES('default','text-davinci-edit-001',4,1,0,0,'');
INSERT INTO abilities VALUES('default','text-embedding-v1',4,1,0,0,'');
INSERT INTO abilities VALUES('default','text-moderation-latest',4,1,0,0,'');
INSERT INTO abilities VALUES('default','text-moderation-stable',4,1,0,0,'');
INSERT INTO abilities VALUES('default','text-search-ada-doc-001',4,1,0,0,'');
INSERT INTO abilities VALUES('default','tts-1',4,1,0,0,'');
INSERT INTO abilities VALUES('default','tts-1-1106',4,1,0,0,'');
INSERT INTO abilities VALUES('default','tts-1-hd',4,1,0,0,'');
INSERT INTO abilities VALUES('default','tts-1-hd-1106',4,1,0,0,'');
INSERT INTO abilities VALUES('default','whisper-1',4,1,0,0,'');
INSERT INTO abilities VALUES('default','code-davinci-edit-001',4,1,0,0,'');
INSERT INTO abilities VALUES('default','gpt-5-chat-2025-08-07',4,1,0,0,'');
INSERT INTO abilities VALUES('default','text-moderation-007',4,1,0,0,'');
INSERT INTO abilities VALUES('default','gpt-5-codex',4,1,0,0,'');
INSERT INTO abilities VALUES('default','gpt-5-codex-high',4,1,0,0,'');
INSERT INTO abilities VALUES('default','gpt-5-codex-low',4,1,0,0,'');
INSERT INTO abilities VALUES('default','gpt-5-codex-medium',4,1,0,0,'');
INSERT INTO abilities VALUES('default','gpt-5-all',4,1,0,0,'');
INSERT INTO abilities VALUES('default','gpt-5-thinking',4,1,0,0,'');
INSERT INTO abilities VALUES('default','gpt-5-thinking-all',4,1,0,0,'');
INSERT INTO abilities VALUES('default','advanced-voice',4,1,0,0,'');
INSERT INTO abilities VALUES('default','aion-1.0',4,1,0,0,'');
INSERT INTO abilities VALUES('default','andreasjansson/stable-diffusion-animation',4,1,0,0,'');
INSERT INTO abilities VALUES('default','anubis-70b-v1.1',4,1,0,0,'');
INSERT INTO abilities VALUES('default','anubis-pro-105b-v1',4,1,0,0,'');
INSERT INTO abilities VALUES('default','avatar-feed',4,1,0,0,'');
INSERT INTO abilities VALUES('default','avatar-generate',4,1,0,0,'');
INSERT INTO abilities VALUES('default','avatar-voice',4,1,0,0,'');
INSERT INTO abilities VALUES('default','BAAI/bge-large-en-v1.5',4,1,0,0,'');
INSERT INTO abilities VALUES('default','BAAI/bge-large-zh-v1.5',4,1,0,0,'');
INSERT INTO abilities VALUES('default','BAAI/bge-m3',4,1,0,0,'');
INSERT INTO abilities VALUES('default','BAAI/bge-reranker-v2-m3',4,1,0,0,'');
INSERT INTO abilities VALUES('default','Balanced',4,1,0,0,'');
INSERT INTO abilities VALUES('default','bfl-feed',4,1,0,0,'');
INSERT INTO abilities VALUES('default','bfl-gen',4,1,0,0,'');
INSERT INTO abilities VALUES('default','bfl/flux-dev',4,1,0,0,'');
INSERT INTO abilities VALUES('default','bfl/flux-pro',4,1,0,0,'');
INSERT INTO abilities VALUES('default','bfl/flux-pro-1.1',4,1,0,0,'');
INSERT INTO abilities VALUES('default','bfl/flux-pro-1.1-ultra',4,1,0,0,'');
INSERT INTO abilities VALUES('default','bge-m3',4,1,0,0,'');
INSERT INTO abilities VALUES('default','bind-image_sync-feed',4,1,0,0,'');
INSERT INTO abilities VALUES('default','black-forest-labs/flux-1.1-pro',4,1,0,0,'');
INSERT INTO abilities VALUES('default','black-forest-labs/flux-1.1-pro-ultra',4,1,0,0,'');
INSERT INTO abilities VALUES('default','black-forest-labs/flux-dev',4,1,0,0,'');
INSERT INTO abilities VALUES('default','black-forest-labs/flux-fill-dev',4,1,0,0,'');
INSERT INTO abilities VALUES('default','black-forest-labs/flux-fill-pro',4,1,0,0,'');
INSERT INTO abilities VALUES('default','black-forest-labs/flux-krea-dev',4,1,0,0,'');
INSERT INTO abilities VALUES('default','black-forest-labs/flux-pro',4,1,0,0,'');
INSERT INTO abilities VALUES('default','black-forest-labs/flux-schnell',4,1,0,0,'');
INSERT INTO abilities VALUES('default','chirp-v2-xxl-alpha',4,1,0,0,'');
INSERT INTO abilities VALUES('default','chirp-v3-0',4,1,0,0,'');
INSERT INTO abilities VALUES('default','cjwbw/rembg',4,1,0,0,'');
INSERT INTO abilities VALUES('default','codestral-2508',4,1,0,0,'');
INSERT INTO abilities VALUES('default','codex-mini',4,1,0,0,'');
INSERT INTO abilities VALUES('default','cogvideox',4,1,0,0,'');
INSERT INTO abilities VALUES('default','Creative',4,1,0,0,'');
INSERT INTO abilities VALUES('default','devstral-medium',4,1,0,0,'');
INSERT INTO abilities VALUES('default','devstral-small',4,1,0,0,'');
INSERT INTO abilities VALUES('default','direct-generate-pptx',4,1,0,0,'');
INSERT INTO abilities VALUES('default','docmee',4,1,0,0,'');
INSERT INTO abilities VALUES('default','docmee-ppt-generate',4,1,0,0,'');
INSERT INTO abilities VALUES('default','docmee-ppt-proxy',4,1,0,0,'');
INSERT INTO abilities VALUES('default','fal-ai/flux-1/dev',4,1,0,0,'');
INSERT INTO abilities VALUES('default','fal-ai/flux-1/dev/image-to-image',4,1,0,0,'');
INSERT INTO abilities VALUES('default','fal-ai/flux-1/dev/redux',4,1,0,0,'');
INSERT INTO abilities VALUES('default','fal-ai/flux-1/schnell',4,1,0,0,'');
INSERT INTO abilities VALUES('default','fal-ai/flux-1/schnell/redux',4,1,0,0,'');
INSERT INTO abilities VALUES('default','fal-ai/flux-pro/kontext',4,1,0,0,'');
INSERT INTO abilities VALUES('default','fal-ai/flux-pro/kontext/max',4,1,0,0,'');
INSERT INTO abilities VALUES('default','fal-ai/flux-pro/kontext/max/multi',4,1,0,0,'');
INSERT INTO abilities VALUES('default','fal-ai/flux-pro/kontext/multi',4,1,0,0,'');
INSERT INTO abilities VALUES('default','fal-ai/flux/krea',4,1,0,0,'');
INSERT INTO abilities VALUES('default','fal-ai/flux/krea/image-to-image',4,1,0,0,'');
INSERT INTO abilities VALUES('default','fal-ai/flux/krea/redux',4,1,0,0,'');
INSERT INTO abilities VALUES('default','fal-ai/nano-banana',4,1,0,0,'');
INSERT INTO abilities VALUES('default','fal-ai/nano-banana/edit',4,1,0,0,'');
INSERT INTO abilities VALUES('default','fal-ai/recraft/upscale/creative',4,1,0,0,'');
INSERT INTO abilities VALUES('default','fal-ai/recraft/upscale/crisp',4,1,0,0,'');
INSERT INTO abilities VALUES('default','fal-ai/recraft/v3/create-style',4,1,0,0,'');
INSERT INTO abilities VALUES('default','fal-ai/recraft/v3/image-to-image',4,1,0,0,'');
INSERT INTO abilities VALUES('default','fal-ai/recraft/vectorize',4,1,0,0,'');
INSERT INTO abilities VALUES('default','flux',4,1,0,0,'');
INSERT INTO abilities VALUES('default','flux-dev',4,1,0,0,'');
INSERT INTO abilities VALUES('default','flux-pro',4,1,0,0,'');
INSERT INTO abilities VALUES('default','flux-pro-1.1',4,1,0,0,'');
INSERT INTO abilities VALUES('default','flux-pro-1.1-ultra',4,1,0,0,'');
INSERT INTO abilities VALUES('default','flux-pro-max',4,1,0,0,'');
INSERT INTO abilities VALUES('default','flux-schnell',4,1,0,0,'');
INSERT INTO abilities VALUES('default','flux.1.1-pro',4,1,0,0,'');
INSERT INTO abilities VALUES('default','gemma-2-9b-it',4,1,0,0,'');
INSERT INTO abilities VALUES('default','gemma-3-12b-it',4,1,0,0,'');
INSERT INTO abilities VALUES('default','gemma-3-27b-it',4,1,0,0,'');
INSERT INTO abilities VALUES('default','gemma-3-4b-it',4,1,0,0,'');
INSERT INTO abilities VALUES('default','gemma-3n-e4b-it',4,1,0,0,'');
INSERT INTO abilities VALUES('default','google-feed',4,1,0,0,'');
INSERT INTO abilities VALUES('default','google-palm',4,1,0,0,'');
INSERT INTO abilities VALUES('default','google-videos',4,1,0,0,'');
INSERT INTO abilities VALUES('default','google/imagen-4',4,1,0,0,'');
INSERT INTO abilities VALUES('default','google/imagen-4-fast',4,1,0,0,'');
INSERT INTO abilities VALUES('default','google/imagen-4-ultra',4,1,0,0,'');
INSERT INTO abilities VALUES('default','google/veo-3',4,1,0,0,'');
INSERT INTO abilities VALUES('default','hailuo-feed',4,1,0,0,'');
INSERT INTO abilities VALUES('default','hailuo-video',4,1,0,0,'');
INSERT INTO abilities VALUES('default','hermes-4-405b',4,1,0,0,'');
INSERT INTO abilities VALUES('default','hermes-4-70b',4,1,0,0,'');
INSERT INTO abilities VALUES('default','higgsfield-ads',4,1,0,0,'');
INSERT INTO abilities VALUES('default','higgsfield-feed',4,1,0,0,'');
INSERT INTO abilities VALUES('default','higgsfield-generate',4,1,0,0,'');
INSERT INTO abilities VALUES('default','higgsfield-get_temp',4,1,0,0,'');
INSERT INTO abilities VALUES('default','higgsfield-lite',4,1,0,0,'');
INSERT INTO abilities VALUES('default','higgsfield-speech',4,1,0,0,'');
INSERT INTO abilities VALUES('default','higgsfield-standard',4,1,0,0,'');
INSERT INTO abilities VALUES('default','higgsfield-turbo',4,1,0,0,'');
INSERT INTO abilities VALUES('default','I2V-01',4,1,0,0,'');
INSERT INTO abilities VALUES('default','I2V-01-Director',4,1,0,0,'');
INSERT INTO abilities VALUES('default','I2V-01-live',4,1,0,0,'');
INSERT INTO abilities VALUES('default','ideogram-ai/ideogram-v2-turbo',4,1,0,0,'');
INSERT INTO abilities VALUES('default','ideogram-describe',4,1,0,0,'');
INSERT INTO abilities VALUES('default','ideogram-edit-v3',4,1,0,0,'');
INSERT INTO abilities VALUES('default','ideogram-generate',4,1,0,0,'');
INSERT INTO abilities VALUES('default','ideogram-generate-v3',4,1,0,0,'');
INSERT INTO abilities VALUES('default','ideogram-reframe-v3',4,1,0,0,'');
INSERT INTO abilities VALUES('default','ideogram-remix',4,1,0,0,'');
INSERT INTO abilities VALUES('default','ideogram-remix-v3',4,1,0,0,'');
INSERT INTO abilities VALUES('default','ideogram-replace-background-v3',4,1,0,0,'');
INSERT INTO abilities VALUES('default','ideogram-upscale',4,1,0,0,'');
INSERT INTO abilities VALUES('default','internvl3-78b',4,1,0,0,'');
INSERT INTO abilities VALUES('default','jimeng-feed',4,1,0,0,'');
INSERT INTO abilities VALUES('default','jimeng-videos',4,1,0,0,'');
INSERT INTO abilities VALUES('default','kimi-k2-0711-preview',4,1,0,0,'');
INSERT INTO abilities VALUES('default','kimi-k2-0905',4,1,0,0,'');
INSERT INTO abilities VALUES('default','kimi-k2-250905',4,1,0,0,'');
INSERT INTO abilities VALUES('default','kling-effects',4,1,0,0,'');
INSERT INTO abilities VALUES('default','kling-feed',4,1,0,0,'');
INSERT INTO abilities VALUES('default','kling-image',4,1,0,0,'');
INSERT INTO abilities VALUES('default','kling-image-expend',4,1,0,0,'');
INSERT INTO abilities VALUES('default','kling-image-expend-feed',4,1,0,0,'');
INSERT INTO abilities VALUES('default','kling-image-v1',4,1,0,0,'');
INSERT INTO abilities VALUES('default','kling-image-v1-5',4,1,0,0,'');
INSERT INTO abilities VALUES('default','kling-image-v2',4,1,0,0,'');
INSERT INTO abilities VALUES('default','kling-image-v2-1',4,1,0,0,'');
INSERT INTO abilities VALUES('default','kling-kolors-virtual-try-on',4,1,0,0,'');
INSERT INTO abilities VALUES('default','kling-lip-sync',4,1,0,0,'');
INSERT INTO abilities VALUES('default','kling-multi-image2image',4,1,0,0,'');
INSERT INTO abilities VALUES('default','kling-multi-image2image-feed',4,1,0,0,'');
INSERT INTO abilities VALUES('default','kling-video',4,1,0,0,'');
INSERT INTO abilities VALUES('default','kling-video-extend',4,1,0,0,'');
INSERT INTO abilities VALUES('default','kling-video-to-audio',4,1,0,0,'');
INSERT INTO abilities VALUES('default','kling-video-to-audio-feed',4,1,0,0,'');
INSERT INTO abilities VALUES('default','kling-video-v1',4,1,0,0,'');
INSERT INTO abilities VALUES('default','kling-video-v1-5',4,1,0,0,'');
INSERT INTO abilities VALUES('default','kling-video-v1-6',4,1,0,0,'');
INSERT INTO abilities VALUES('default','kling-video-v2-1',4,1,0,0,'');
INSERT INTO abilities VALUES('default','kling-video-v2-1-master',4,1,0,0,'');
INSERT INTO abilities VALUES('default','kling-video-v2-master',4,1,0,0,'');
INSERT INTO abilities VALUES('default','kolors-virtual-try-on-v1',4,1,0,0,'');
INSERT INTO abilities VALUES('default','kolors-virtual-try-on-v1-5',4,1,0,0,'');
INSERT INTO abilities VALUES('default','l3-lunaris-8b',4,1,0,0,'');
INSERT INTO abilities VALUES('default','l3.1-euryale-70b',4,1,0,0,'');
INSERT INTO abilities VALUES('default','l3.3-euryale-70b',4,1,0,0,'');
INSERT INTO abilities VALUES('default','lfm-3b',4,1,0,0,'');
INSERT INTO abilities VALUES('default','lfm-7b',4,1,0,0,'');
INSERT INTO abilities VALUES('default','longcat-flash-chat',4,1,0,0,'');
INSERT INTO abilities VALUES('default','lucataco/animate-diff',4,1,0,0,'');
INSERT INTO abilities VALUES('default','lucataco/flux-dev-lora',4,1,0,0,'');
INSERT INTO abilities VALUES('default','lucataco/flux-schnell-lora',4,1,0,0,'');
INSERT INTO abilities VALUES('default','lucataco/remove-bg',4,1,0,0,'');
INSERT INTO abilities VALUES('default','luma',4,1,0,0,'');
INSERT INTO abilities VALUES('default','luma_video_api',4,1,0,0,'');
INSERT INTO abilities VALUES('default','luma-proxy',4,1,0,0,'');
INSERT INTO abilities VALUES('default','luma-v2-feed',4,1,0,0,'');
INSERT INTO abilities VALUES('default','luma-v2-video',4,1,0,0,'');
INSERT INTO abilities VALUES('default','midjourney',4,1,0,0,'');
INSERT INTO abilities VALUES('default','minimax-01',4,1,0,0,'');
INSERT INTO abilities VALUES('default','minimax-feed',4,1,0,0,'');
INSERT INTO abilities VALUES('default','minimax-file',4,1,0,0,'');
INSERT INTO abilities VALUES('default','MiniMax-Hailuo-02',4,1,0,0,'');
INSERT INTO abilities VALUES('default','minimax-m1-80k',4,1,0,0,'');
INSERT INTO abilities VALUES('default','minimax-video',4,1,0,0,'');
INSERT INTO abilities VALUES('default','minimax/video-01',4,1,0,0,'');
INSERT INTO abilities VALUES('default','minimax/video-01-live',4,1,0,0,'');
INSERT INTO abilities VALUES('default','ministral-3b',4,1,0,0,'');
INSERT INTO abilities VALUES('default','ministral-8b',4,1,0,0,'');
INSERT INTO abilities VALUES('default','mixtral-8x22b',4,1,0,0,'');
INSERT INTO abilities VALUES('default','mixtral-8x7b',4,1,0,0,'');
INSERT INTO abilities VALUES('default','mixtral-8x7b-instruct',4,1,0,0,'');
INSERT INTO abilities VALUES('default','mj-uploads',4,1,0,0,'');
INSERT INTO abilities VALUES('default','morph-v3-large',4,1,0,0,'');
INSERT INTO abilities VALUES('default','mythomax-l2-13b',4,1,0,0,'');
INSERT INTO abilities VALUES('default','nano-banana',4,1,0,0,'');
INSERT INTO abilities VALUES('default','nano-banana-hd',4,1,0,0,'');
INSERT INTO abilities VALUES('default','nemotron-nano-9b-v2',4,1,0,0,'');
INSERT INTO abilities VALUES('default','netease-youdao/bce-reranker-base_v1',4,1,0,0,'');
INSERT INTO abilities VALUES('default','nova-lite-v1',4,1,0,0,'');
INSERT INTO abilities VALUES('default','nova-micro-v1',4,1,0,0,'');
INSERT INTO abilities VALUES('default','Phi-4',4,1,0,0,'');
INSERT INTO abilities VALUES('default','phi-4-multimodal-instruct',4,1,0,0,'');
INSERT INTO abilities VALUES('default','phi-4-reasoning',4,1,0,0,'');
INSERT INTO abilities VALUES('default','pika_v1',4,1,0,0,'');
INSERT INTO abilities VALUES('default','pika_v1-feed',4,1,0,0,'');
INSERT INTO abilities VALUES('default','pika_v1-generate',4,1,0,0,'');
INSERT INTO abilities VALUES('default','pika-feed',4,1,0,0,'');
INSERT INTO abilities VALUES('default','pika-generate',4,1,0,0,'');
INSERT INTO abilities VALUES('default','pika-get_affects',4,1,0,0,'');
INSERT INTO abilities VALUES('default','pixverse_v1-character',4,1,0,0,'');
INSERT INTO abilities VALUES('default','pixverse_v1-feed',4,1,0,0,'');
INSERT INTO abilities VALUES('default','pixverse_v1-feed-post',4,1,0,0,'');
INSERT INTO abilities VALUES('default','pixverse_v1-video',4,1,0,0,'');
INSERT INTO abilities VALUES('default','pixverse-character',4,1,0,0,'');
INSERT INTO abilities VALUES('default','pixverse-feed',4,1,0,0,'');
INSERT INTO abilities VALUES('default','pixverse-video',4,1,0,0,'');
INSERT INTO abilities VALUES('default','pixverse-video-v1',4,1,0,0,'');
INSERT INTO abilities VALUES('default','playground-v2.5',4,1,0,0,'');
INSERT INTO abilities VALUES('default','Precise',4,1,0,0,'');
INSERT INTO abilities VALUES('default','prunaai/vace-14b',4,1,0,0,'');
INSERT INTO abilities VALUES('default','qvq-max-2025-03-25',4,1,0,0,'');
INSERT INTO abilities VALUES('default','qwq-32b',4,1,0,0,'');
INSERT INTO abilities VALUES('default','qwq-32b-preview',4,1,0,0,'');
INSERT INTO abilities VALUES('default','qwq-plus',4,1,0,0,'');
INSERT INTO abilities VALUES('default','recraft-ai/recraft-v3',4,1,0,0,'');
INSERT INTO abilities VALUES('default','recraft-ai/recraft-v3-svg',4,1,0,0,'');
INSERT INTO abilities VALUES('default','recraft-generations',4,1,0,0,'');
INSERT INTO abilities VALUES('default','recraftv3',4,1,0,0,'');
INSERT INTO abilities VALUES('default','remm-slerp-l2-13b',4,1,0,0,'');
INSERT INTO abilities VALUES('default','replicate-feed',4,1,0,0,'');
INSERT INTO abilities VALUES('default','replicate-predictions-url',4,1,0,0,'');
INSERT INTO abilities VALUES('default','replicate-predictions-version',4,1,0,0,'');
INSERT INTO abilities VALUES('default','riffusion-feed',4,1,0,0,'');
INSERT INTO abilities VALUES('default','riffusion-generate',4,1,0,0,'');
INSERT INTO abilities VALUES('default','riffusion-music',4,1,0,0,'');
INSERT INTO abilities VALUES('default','riffusion-upload',4,1,0,0,'');
INSERT INTO abilities VALUES('default','riffusion/riffusion',4,1,0,0,'');
INSERT INTO abilities VALUES('default','rocinante-12b',4,1,0,0,'');
INSERT INTO abilities VALUES('default','runway_duomi',4,1,0,0,'');
INSERT INTO abilities VALUES('default','runway_duomi-act_one',4,1,0,0,'');
INSERT INTO abilities VALUES('default','runway_duomi-feed',4,1,0,0,'');
INSERT INTO abilities VALUES('default','runway_duomi-generate',4,1,0,0,'');
INSERT INTO abilities VALUES('default','runway_duomi-video2video',4,1,0,0,'');
INSERT INTO abilities VALUES('default','runway-act_one',4,1,0,0,'');
INSERT INTO abilities VALUES('default','runway-act_two',4,1,0,0,'');
INSERT INTO abilities VALUES('default','runway-aleph',4,1,0,0,'');
INSERT INTO abilities VALUES('default','runway-generate',4,1,0,0,'');
INSERT INTO abilities VALUES('default','runway-v1',4,1,0,0,'');
INSERT INTO abilities VALUES('default','runway-v1-feed',4,1,0,0,'');
INSERT INTO abilities VALUES('default','runway-v1-proxy',4,1,0,0,'');
INSERT INTO abilities VALUES('default','runway-v1-uploads',4,1,0,0,'');
INSERT INTO abilities VALUES('default','runway-video2video',4,1,0,0,'');
INSERT INTO abilities VALUES('default','runwayml-feed',4,1,0,0,'');
INSERT INTO abilities VALUES('default','runwayml-gen3a_turbo',4,1,0,0,'');
INSERT INTO abilities VALUES('default','runwayml-gen4_turbo',4,1,0,0,'');
INSERT INTO abilities VALUES('default','runwayml-generate',4,1,0,0,'');
INSERT INTO abilities VALUES('default','S2V-01',4,1,0,0,'');
INSERT INTO abilities VALUES('default','seededit',4,1,0,0,'');
INSERT INTO abilities VALUES('default','seedream-3.0',4,1,0,0,'');
INSERT INTO abilities VALUES('default','skyfall-36b-v2',4,1,0,0,'');
INSERT INTO abilities VALUES('default','sonar-deep-research',4,1,0,0,'');
INSERT INTO abilities VALUES('default','sonar-pro',4,1,0,0,'');
INSERT INTO abilities VALUES('default','sonar-reasoning-pro',4,1,0,0,'');
INSERT INTO abilities VALUES('default','sora_image',4,1,0,0,'');
INSERT INTO abilities VALUES('default','sora_image-vip',4,1,0,0,'');
INSERT INTO abilities VALUES('default','sora-1:1-480p-10s',4,1,0,0,'');
INSERT INTO abilities VALUES('default','sora-1:1-480p-5s',4,1,0,0,'');
INSERT INTO abilities VALUES('default','sora-1:1-720p-5s',4,1,0,0,'');
INSERT INTO abilities VALUES('default','sora-16:9-480p-10s',4,1,0,0,'');
INSERT INTO abilities VALUES('default','sora-16:9-480p-5s',4,1,0,0,'');
INSERT INTO abilities VALUES('default','sora-16:9-720p-5s',4,1,0,0,'');
INSERT INTO abilities VALUES('default','sora-9:16-480p-10s',4,1,0,0,'');
INSERT INTO abilities VALUES('default','sora-9:16-480p-5s',4,1,0,0,'');
INSERT INTO abilities VALUES('default','sora-9:16-720p-5s',4,1,0,0,'');
INSERT INTO abilities VALUES('default','sora-feed',4,1,0,0,'');
INSERT INTO abilities VALUES('default','sora-video',4,1,0,0,'');
INSERT INTO abilities VALUES('default','stability-ai/sdxl',4,1,0,0,'');
INSERT INTO abilities VALUES('default','stability-ai/stable-diffusion',4,1,0,0,'');
INSERT INTO abilities VALUES('default','stability-ai/stable-diffusion-img2img',4,1,0,0,'');
INSERT INTO abilities VALUES('default','stability-ai/stable-diffusion-inpainting',4,1,0,0,'');
INSERT INTO abilities VALUES('default','stable-diffusion',4,1,0,0,'');
INSERT INTO abilities VALUES('default','stable-diffusion-3-2b',4,1,0,0,'');
INSERT INTO abilities VALUES('default','sujaykhandekar/object-removal',4,1,0,0,'');
INSERT INTO abilities VALUES('default','suno',4,1,0,0,'');
INSERT INTO abilities VALUES('default','suno_act-stems',4,1,0,0,'');
INSERT INTO abilities VALUES('default','suno_concat',4,1,0,0,'');
INSERT INTO abilities VALUES('default','suno_lyrics',4,1,0,0,'');
INSERT INTO abilities VALUES('default','suno_music',4,1,0,0,'');
INSERT INTO abilities VALUES('default','suno_upload',4,1,0,0,'');
INSERT INTO abilities VALUES('default','suno-act-mp4',4,1,0,0,'');
INSERT INTO abilities VALUES('default','suno-act-stems',4,1,0,0,'');
INSERT INTO abilities VALUES('default','suno-act-timing',4,1,0,0,'');
INSERT INTO abilities VALUES('default','suno-act-wav',4,1,0,0,'');
INSERT INTO abilities VALUES('default','suno-actions',4,1,0,0,'');
INSERT INTO abilities VALUES('default','suno-feed-uploads',4,1,0,0,'');
INSERT INTO abilities VALUES('default','suno-persona',4,1,0,0,'');
INSERT INTO abilities VALUES('default','suno-uploads-audio',4,1,0,0,'');
INSERT INTO abilities VALUES('default','suno-uploads-finish',4,1,0,0,'');
INSERT INTO abilities VALUES('default','suno-uploads-init-clip',4,1,0,0,'');
INSERT INTO abilities VALUES('default','swap_face',4,1,0,0,'');
INSERT INTO abilities VALUES('default','T2V-01',4,1,0,0,'');
INSERT INTO abilities VALUES('default','T2V-01-Director',4,1,0,0,'');
INSERT INTO abilities VALUES('default','ui-tars-1.5-7b',4,1,0,0,'');
INSERT INTO abilities VALUES('default','unslopnemo-12b',4,1,0,0,'');
INSERT INTO abilities VALUES('default','v2-feed',4,1,0,0,'');
INSERT INTO abilities VALUES('default','veo2',4,1,0,0,'');
INSERT INTO abilities VALUES('default','veo2-fast',4,1,0,0,'');
INSERT INTO abilities VALUES('default','veo2-fast-components',4,1,0,0,'');
INSERT INTO abilities VALUES('default','veo2-fast-frames',4,1,0,0,'');
INSERT INTO abilities VALUES('default','veo2-pro',4,1,0,0,'');
INSERT INTO abilities VALUES('default','viggle',4,1,0,0,'');
INSERT INTO abilities VALUES('default','viggle-create',4,1,0,0,'');
INSERT INTO abilities VALUES('default','viggle-pro',4,1,0,0,'');
INSERT INTO abilities VALUES('default','viggle-pro-create',4,1,0,0,'');
INSERT INTO abilities VALUES('default','viggle-pro-proxy',4,1,0,0,'');
INSERT INTO abilities VALUES('default','viggle-proxy',4,1,0,0,'');
INSERT INTO abilities VALUES('default','volcv-dalle',4,1,0,0,'');
INSERT INTO abilities VALUES('default','volcv-v1',4,1,0,0,'');
INSERT INTO abilities VALUES('default','wan2.2-i2v-flash',4,1,0,0,'');
INSERT INTO abilities VALUES('default','wan2.2-i2v-plus',4,1,0,0,'');
INSERT INTO abilities VALUES('default','wan2.2-t2v-plus',4,1,0,0,'');
INSERT INTO abilities VALUES('default','wanx2.1-i2v-plus',4,1,0,0,'');
INSERT INTO abilities VALUES('default','wanx2.1-i2v-turbo',4,1,0,0,'');
INSERT INTO abilities VALUES('default','wanx2.1-kf2v-plus',4,1,0,0,'');
INSERT INTO abilities VALUES('default','wanx2.1-t2v-plus',4,1,0,0,'');
INSERT INTO abilities VALUES('default','wanx2.1-t2v-turbo',4,1,0,0,'');
INSERT INTO abilities VALUES('default','computer-use-preview',4,1,0,0,'');
INSERT INTO abilities VALUES('default','computer-use-preview-2025-03-11',4,1,0,0,'');
INSERT INTO abilities VALUES('default','omni-moderation-2024-09-26',4,1,0,0,'');
INSERT INTO abilities VALUES('default','omni-moderation-latest',4,1,0,0,'');
INSERT INTO abilities VALUES('default','deepl-en',4,1,0,0,'');
INSERT INTO abilities VALUES('default','deepl-zh',4,1,0,0,'');
INSERT INTO abilities VALUES('default','tongyi-deepresearch-30b-a3b',4,1,0,0,'');
INSERT INTO abilities VALUES('default','moonshot-v1-128k',4,1,0,0,'');
INSERT INTO abilities VALUES('default','moonshot-v1-32k',4,1,0,0,'');
INSERT INTO abilities VALUES('default','moonshot-v1-8k',4,1,0,0,'');
INSERT INTO abilities VALUES('default','moonshotai/kimi-k2-instruct',4,1,0,0,'');
INSERT INTO abilities VALUES('default','jina-reranker-v2-base-multilingual',4,1,0,0,'');
INSERT INTO abilities VALUES('default','hunyuan-t1',4,1,0,0,'');
INSERT INTO abilities VALUES('default','grok-3',4,1,0,0,'');
INSERT INTO abilities VALUES('default','grok-4',4,1,0,0,'');
INSERT INTO abilities VALUES('default','grok-2',4,1,0,0,'');
INSERT INTO abilities VALUES('default','grok-2-1212',4,1,0,0,'');
INSERT INTO abilities VALUES('default','grok-2-image',4,1,0,0,'');
INSERT INTO abilities VALUES('default','grok-2-image-1212',4,1,0,0,'');
INSERT INTO abilities VALUES('default','grok-2-vision',4,1,0,0,'');
INSERT INTO abilities VALUES('default','grok-2-vision-1212',4,1,0,0,'');
INSERT INTO abilities VALUES('default','grok-3-beta',4,1,0,0,'');
INSERT INTO abilities VALUES('default','grok-3-fast',4,1,0,0,'');
INSERT INTO abilities VALUES('default','grok-3-fast-beta',4,1,0,0,'');
INSERT INTO abilities VALUES('default','grok-3-mini',4,1,0,0,'');
INSERT INTO abilities VALUES('default','grok-3-mini-beta',4,1,0,0,'');
INSERT INTO abilities VALUES('default','grok-3-mini-beta-high',4,1,0,0,'');
INSERT INTO abilities VALUES('default','grok-3-mini-beta-low',4,1,0,0,'');
INSERT INTO abilities VALUES('default','grok-3-mini-beta-medium',4,1,0,0,'');
INSERT INTO abilities VALUES('default','grok-3-mini-fast',4,1,0,0,'');
INSERT INTO abilities VALUES('default','grok-3-mini-fast-beta',4,1,0,0,'');
INSERT INTO abilities VALUES('default','grok-3-mini-fast-beta-high',4,1,0,0,'');
INSERT INTO abilities VALUES('default','grok-3-mini-fast-beta-low',4,1,0,0,'');
INSERT INTO abilities VALUES('default','grok-3-mini-fast-beta-medium',4,1,0,0,'');
INSERT INTO abilities VALUES('default','grok-4-0709',4,1,0,0,'');
INSERT INTO abilities VALUES('default','grok-4-fast-non-reasoning',4,1,0,0,'');
INSERT INTO abilities VALUES('default','grok-4-fast-reasoning',4,1,0,0,'');
INSERT INTO abilities VALUES('default','grok-beta',4,1,0,0,'');
INSERT INTO abilities VALUES('default','grok-code-fast-1',4,1,0,0,'');
INSERT INTO abilities VALUES('default','grok-vision-beta',4,1,0,0,'');
INSERT INTO abilities VALUES('default','glm-3-turbo',4,1,0,0,'');
INSERT INTO abilities VALUES('default','glm-4',4,1,0,0,'');
INSERT INTO abilities VALUES('default','glm-4-plus',4,1,0,0,'');
INSERT INTO abilities VALUES('default','glm-4.1v-9b-thinking',4,1,0,0,'');
INSERT INTO abilities VALUES('default','glm-4.1v-thinking-flash',4,1,0,0,'');
INSERT INTO abilities VALUES('default','glm-4.1v-thinking-flashx',4,1,0,0,'');
INSERT INTO abilities VALUES('default','glm-4.5',4,1,0,0,'');
INSERT INTO abilities VALUES('default','glm-4.5-air',4,1,0,0,'');
INSERT INTO abilities VALUES('default','glm-4.5-airx',4,1,0,0,'');
INSERT INTO abilities VALUES('default','glm-4.5-flash',4,1,0,0,'');
INSERT INTO abilities VALUES('default','glm-4.5-x',4,1,0,0,'');
INSERT INTO abilities VALUES('default','glm-4.5v',4,1,0,0,'');
INSERT INTO abilities VALUES('default','glm-4v',4,1,0,0,'');
INSERT INTO abilities VALUES('default','glm-z1-air',4,1,0,0,'');
INSERT INTO abilities VALUES('default','glm-z1-airx',4,1,0,0,'');
INSERT INTO abilities VALUES('default','glm-z1-flash',4,1,0,0,'');
INSERT INTO abilities VALUES('default','gemini-1.5-flash',4,1,0,0,'');
INSERT INTO abilities VALUES('default','gemini-1.5-flash-002',4,1,0,0,'');
INSERT INTO abilities VALUES('default','gemini-1.5-flash-latest',4,1,0,0,'');
INSERT INTO abilities VALUES('default','gemini-1.5-pro',4,1,0,0,'');
INSERT INTO abilities VALUES('default','gemini-1.5-pro-002',4,1,0,0,'');
INSERT INTO abilities VALUES('default','gemini-1.5-pro-latest',4,1,0,0,'');
INSERT INTO abilities VALUES('default','gemini-2.0-flash',4,1,0,0,'');
INSERT INTO abilities VALUES('default','gemini-2.0-flash-001',4,1,0,0,'');
INSERT INTO abilities VALUES('default','gemini-2.0-flash-exp-image',4,1,0,0,'');
INSERT INTO abilities VALUES('default','gemini-2.0-flash-exp-image-generation',4,1,0,0,'');
INSERT INTO abilities VALUES('default','gemini-2.0-flash-lite',4,1,0,0,'');
INSERT INTO abilities VALUES('default','gemini-2.0-flash-lite-001',4,1,0,0,'');
INSERT INTO abilities VALUES('default','gemini-2.0-flash-lite-preview',4,1,0,0,'');
INSERT INTO abilities VALUES('default','gemini-2.0-flash-lite-preview-02-05',4,1,0,0,'');
INSERT INTO abilities VALUES('default','gemini-2.0-flash-preview-image-generation',4,1,0,0,'');
INSERT INTO abilities VALUES('default','gemini-2.5-flash',4,1,0,0,'');
INSERT INTO abilities VALUES('default','gemini-2.5-flash-image-preview',4,1,0,0,'');
INSERT INTO abilities VALUES('default','gemini-2.5-flash-lite',4,1,0,0,'');
INSERT INTO abilities VALUES('default','gemini-2.5-flash-lite-preview-06-17',4,1,0,0,'');
INSERT INTO abilities VALUES('default','gemini-2.5-flash-lite-preview-06-17-thinking',4,1,0,0,'');
INSERT INTO abilities VALUES('default','gemini-2.5-flash-nothinking',4,1,0,0,'');
INSERT INTO abilities VALUES('default','gemini-2.5-flash-preview-04-17',4,1,0,0,'');
INSERT INTO abilities VALUES('default','gemini-2.5-flash-preview-04-17-nothinking',4,1,0,0,'');
INSERT INTO abilities VALUES('default','gemini-2.5-flash-preview-04-17-thinking',4,1,0,0,'');
INSERT INTO abilities VALUES('default','gemini-2.5-flash-preview-05-20',4,1,0,0,'');
INSERT INTO abilities VALUES('default','gemini-2.5-flash-preview-05-20-nothinking',4,1,0,0,'');
INSERT INTO abilities VALUES('default','gemini-2.5-flash-preview-05-20-thinking',4,1,0,0,'');
INSERT INTO abilities VALUES('default','gemini-2.5-flash-thinking',4,1,0,0,'');
INSERT INTO abilities VALUES('default','gemini-2.5-pro',4,1,0,0,'');
INSERT INTO abilities VALUES('default','gemini-2.5-pro-nothinking',4,1,0,0,'');
INSERT INTO abilities VALUES('default','gemini-2.5-pro-preview-03-25',4,1,0,0,'');
INSERT INTO abilities VALUES('default','gemini-2.5-pro-preview-05-06',4,1,0,0,'');
INSERT INTO abilities VALUES('default','gemini-2.5-pro-preview-06-05',4,1,0,0,'');
INSERT INTO abilities VALUES('default','gemini-2.5-pro-preview-06-05-nothinking',4,1,0,0,'');
INSERT INTO abilities VALUES('default','gemini-2.5-pro-preview-06-05-thinking',4,1,0,0,'');
INSERT INTO abilities VALUES('default','gemini-2.5-pro-thinking',4,1,0,0,'');
INSERT INTO abilities VALUES('default','gemini-2.5-pro-thinking-*',4,1,0,0,'');
INSERT INTO abilities VALUES('default','gemini-2.5-pro-thinking-128',4,1,0,0,'');
INSERT INTO abilities VALUES('default','gemini-pro',4,1,0,0,'');
INSERT INTO abilities VALUES('default','fal-ai/qwen-image',4,1,0,0,'');
INSERT INTO abilities VALUES('default','fal-ai/qwen-image-edit',4,1,0,0,'');
INSERT INTO abilities VALUES('default','qwen-2.5-72b-instruct',4,1,0,0,'');
INSERT INTO abilities VALUES('default','qwen-2.5-7b-instruct',4,1,0,0,'');
INSERT INTO abilities VALUES('default','qwen-2.5-vl-7b-instruct',4,1,0,0,'');
INSERT INTO abilities VALUES('default','qwen-72b',4,1,0,0,'');
INSERT INTO abilities VALUES('default','qwen-image',4,1,0,0,'');
INSERT INTO abilities VALUES('default','qwen-image-edit',4,1,0,0,'');
INSERT INTO abilities VALUES('default','qwen-long',4,1,0,0,'');
INSERT INTO abilities VALUES('default','qwen-max',4,1,0,0,'');
INSERT INTO abilities VALUES('default','qwen-max-latest',4,1,0,0,'');
INSERT INTO abilities VALUES('default','qwen-plus',4,1,0,0,'');
INSERT INTO abilities VALUES('default','qwen-turbo',4,1,0,0,'');
INSERT INTO abilities VALUES('default','qwen-vl-max-latest',4,1,0,0,'');
INSERT INTO abilities VALUES('default','qwen-vl-plus-latest',4,1,0,0,'');
INSERT INTO abilities VALUES('default','Qwen/Qwen2.5-7B-Instruct',4,1,0,0,'');
INSERT INTO abilities VALUES('default','qwen2-vl-7b-instruct',4,1,0,0,'');
INSERT INTO abilities VALUES('default','qwen2.5-14b-instruct',4,1,0,0,'');
INSERT INTO abilities VALUES('default','qwen2.5-14b-instruct-1m',4,1,0,0,'');
INSERT INTO abilities VALUES('default','qwen2.5-32b-instruct',4,1,0,0,'');
INSERT INTO abilities VALUES('default','qwen2.5-72b-instruct',4,1,0,0,'');
INSERT INTO abilities VALUES('default','qwen2.5-7b-instruct',4,1,0,0,'');
INSERT INTO abilities VALUES('default','qwen2.5-7b-instruct-1m',4,1,0,0,'');
INSERT INTO abilities VALUES('default','qwen2.5-coder-14b-instruct',4,1,0,0,'');
INSERT INTO abilities VALUES('default','qwen2.5-coder-32b-instruct',4,1,0,0,'');
INSERT INTO abilities VALUES('default','qwen2.5-coder-7b-instruct',4,1,0,0,'');
INSERT INTO abilities VALUES('default','qwen2.5-vl-32b-instruct',4,1,0,0,'');
INSERT INTO abilities VALUES('default','qwen2.5-vl-3b-instruct',4,1,0,0,'');
INSERT INTO abilities VALUES('default','qwen2.5-vl-72b-instruct',4,1,0,0,'');
INSERT INTO abilities VALUES('default','qwen2.5-vl-7b-instruct',4,1,0,0,'');
INSERT INTO abilities VALUES('default','qwen3-0.6b',4,1,0,0,'');
INSERT INTO abilities VALUES('default','qwen3-1.7b',4,1,0,0,'');
INSERT INTO abilities VALUES('default','qwen3-14b',4,1,0,0,'');
INSERT INTO abilities VALUES('default','qwen3-235b-a22b',4,1,0,0,'');
INSERT INTO abilities VALUES('default','qwen3-235b-a22b-2507',4,1,0,0,'');
INSERT INTO abilities VALUES('default','qwen3-235b-a22b-instruct-2507',4,1,0,0,'');
INSERT INTO abilities VALUES('default','qwen3-235b-a22b-thinking-2507',4,1,0,0,'');
INSERT INTO abilities VALUES('default','qwen3-30b-a3b',4,1,0,0,'');
INSERT INTO abilities VALUES('default','qwen3-30b-a3b-instruct-2507',4,1,0,0,'');
INSERT INTO abilities VALUES('default','qwen3-32b',4,1,0,0,'');
INSERT INTO abilities VALUES('default','qwen3-4b',4,1,0,0,'');
INSERT INTO abilities VALUES('default','qwen3-8b',4,1,0,0,'');
INSERT INTO abilities VALUES('default','qwen3-coder-30b-a3b-instruct',4,1,0,0,'');
INSERT INTO abilities VALUES('default','qwen3-coder-480b-a35b-instruct',4,1,0,0,'');
INSERT INTO abilities VALUES('default','qwen3-coder-flash',4,1,0,0,'');
INSERT INTO abilities VALUES('default','qwen3-coder-plus',4,1,0,0,'');
INSERT INTO abilities VALUES('default','qwen3-embedding-0.6b',4,1,0,0,'');
INSERT INTO abilities VALUES('default','qwen3-embedding-4b',4,1,0,0,'');
INSERT INTO abilities VALUES('default','qwen3-embedding-8b',4,1,0,0,'');
INSERT INTO abilities VALUES('default','qwen3-max-preview',4,1,0,0,'');
INSERT INTO abilities VALUES('default','qwen3-next-80b-a3b-instruct',4,1,0,0,'');
INSERT INTO abilities VALUES('default','qwen3-reranker-0.6b',4,1,0,0,'');
INSERT INTO abilities VALUES('default','qwen3-reranker-4b',4,1,0,0,'');
INSERT INTO abilities VALUES('default','qwen3-reranker-8b',4,1,0,0,'');
INSERT INTO abilities VALUES('default','ernie-4.5-300b-a47b',4,1,0,0,'');
INSERT INTO abilities VALUES('default','doubao-1-5-lite-32k-250115',4,1,0,0,'');
INSERT INTO abilities VALUES('default','doubao-1-5-pro-256k-250115',4,1,0,0,'');
INSERT INTO abilities VALUES('default','doubao-1-5-pro-32k-250115',4,1,0,0,'');
INSERT INTO abilities VALUES('default','doubao-1-5-pro-thinking',4,1,0,0,'');
INSERT INTO abilities VALUES('default','doubao-1-5-thinking-pro-250415',4,1,0,0,'');
INSERT INTO abilities VALUES('default','doubao-1-5-thinking-pro-m-250428',4,1,0,0,'');
INSERT INTO abilities VALUES('default','doubao-1-5-thinking-vision-pro-250428',4,1,0,0,'');
INSERT INTO abilities VALUES('default','doubao-1-5-ui-tars-250428',4,1,0,0,'');
INSERT INTO abilities VALUES('default','doubao-1-5-vision-pro-250328',4,1,0,0,'');
INSERT INTO abilities VALUES('default','doubao-1-5-vision-pro-32k',4,1,0,0,'');
INSERT INTO abilities VALUES('default','doubao-1-5-vision-pro-32k-250115',4,1,0,0,'');
INSERT INTO abilities VALUES('default','doubao-1.5-pro-256k',4,1,0,0,'');
INSERT INTO abilities VALUES('default','doubao-1.5-vision-lite-250315',4,1,0,0,'');
INSERT INTO abilities VALUES('default','doubao-1.5-vision-pro-250328',4,1,0,0,'');
INSERT INTO abilities VALUES('default','doubao-1.5-vision-pro-32k',4,1,0,0,'');
INSERT INTO abilities VALUES('default','doubao-lite-32k',4,1,0,0,'');
INSERT INTO abilities VALUES('default','doubao-lite-32k-240828',4,1,0,0,'');
INSERT INTO abilities VALUES('default','doubao-lite-32k-character-250228',4,1,0,0,'');
INSERT INTO abilities VALUES('default','doubao-lite-4k',4,1,0,0,'');
INSERT INTO abilities VALUES('default','doubao-pro-128k',4,1,0,0,'');
INSERT INTO abilities VALUES('default','doubao-pro-256k',4,1,0,0,'');
INSERT INTO abilities VALUES('default','doubao-pro-32k',4,1,0,0,'');
INSERT INTO abilities VALUES('default','doubao-pro-32k-241215',4,1,0,0,'');
INSERT INTO abilities VALUES('default','doubao-pro-32k-character-241215',4,1,0,0,'');
INSERT INTO abilities VALUES('default','doubao-seed-1-6-250615',4,1,0,0,'');
INSERT INTO abilities VALUES('default','doubao-seed-1-6-flash-250615',4,1,0,0,'');
INSERT INTO abilities VALUES('default','doubao-seed-1-6-nothinking-250615',4,1,0,0,'');
INSERT INTO abilities VALUES('default','doubao-seed-1-6-nothinking-250715',4,1,0,0,'');
INSERT INTO abilities VALUES('default','doubao-seed-1-6-thinking-250615',4,1,0,0,'');
INSERT INTO abilities VALUES('default','doubao-seed-1-6-thinking-250715',4,1,0,0,'');
INSERT INTO abilities VALUES('default','doubao-seedance-1-0-lite-i2v-250428',4,1,0,0,'');
INSERT INTO abilities VALUES('default','doubao-seedance-1-0-lite-t2v-250428',4,1,0,0,'');
INSERT INTO abilities VALUES('default','doubao-seedance-1-0-pro-250528',4,1,0,0,'');
INSERT INTO abilities VALUES('default','doubao-seededit-3-0-i2i-250628',4,1,0,0,'');
INSERT INTO abilities VALUES('default','doubao-seedream-3-0-t2i-250415',4,1,0,0,'');
INSERT INTO abilities VALUES('default','doubao-seedream-4-0-250828',4,1,0,0,'');
INSERT INTO abilities VALUES('default','doubao-vision-pro-32k',4,1,0,0,'');
INSERT INTO abilities VALUES('default','deepseek-r1',4,1,0,0,'');
INSERT INTO abilities VALUES('default','cogito-v2-preview-deepseek-671b',4,1,0,0,'');
INSERT INTO abilities VALUES('default','deepseek-ai/DeepSeek-R1',4,1,0,0,'');
INSERT INTO abilities VALUES('default','deepseek-ai/deepseek-vl2',4,1,0,0,'');
INSERT INTO abilities VALUES('default','deepseek-ai/Janus-Pro-7B',4,1,0,0,'');
INSERT INTO abilities VALUES('default','deepseek-chat',4,1,0,0,'');
INSERT INTO abilities VALUES('default','deepseek-coder',4,1,0,0,'');
INSERT INTO abilities VALUES('default','deepseek-coder-v2-instruct',4,1,0,0,'');
INSERT INTO abilities VALUES('default','deepseek-llm-67b-chat',4,1,0,0,'');
INSERT INTO abilities VALUES('default','deepseek-r1-0528',4,1,0,0,'');
INSERT INTO abilities VALUES('default','deepseek-r1-250120',4,1,0,0,'');
INSERT INTO abilities VALUES('default','deepseek-r1-250528',4,1,0,0,'');
INSERT INTO abilities VALUES('default','deepseek-r1-distill-llama-70b',4,1,0,0,'');
INSERT INTO abilities VALUES('default','deepseek-r1-distill-llama-8b',4,1,0,0,'');
INSERT INTO abilities VALUES('default','deepseek-r1-metasearch',4,1,0,0,'');
INSERT INTO abilities VALUES('default','deepseek-r1-search',4,1,0,0,'');
INSERT INTO abilities VALUES('default','deepseek-r1:1.5b',4,1,0,0,'');
INSERT INTO abilities VALUES('default','deepseek-r1:70b',4,1,0,0,'');
INSERT INTO abilities VALUES('default','deepseek-r1:8b',4,1,0,0,'');
INSERT INTO abilities VALUES('default','deepseek-reasoner',4,1,0,0,'');
INSERT INTO abilities VALUES('default','deepseek-reasoner-164k',4,1,0,0,'');
INSERT INTO abilities VALUES('default','deepseek-reasoner-all',4,1,0,0,'');
INSERT INTO abilities VALUES('default','deepseek-search',4,1,0,0,'');
INSERT INTO abilities VALUES('default','deepseek-v2-chat',4,1,0,0,'');
INSERT INTO abilities VALUES('default','deepseek-v3',4,1,0,0,'');
INSERT INTO abilities VALUES('default','deepseek-v3-0324',4,1,0,0,'');
INSERT INTO abilities VALUES('default','deepseek-v3-1-250821',4,1,0,0,'');
INSERT INTO abilities VALUES('default','deepseek-v3-1-250821-thinking',4,1,0,0,'');
INSERT INTO abilities VALUES('default','deepseek-v3-250324',4,1,0,0,'');
INSERT INTO abilities VALUES('default','deepseek-v3-search',4,1,0,0,'');
INSERT INTO abilities VALUES('default','deepseek-v3.1',4,1,0,0,'');
INSERT INTO abilities VALUES('default','claude-3-5-haiku-20241022',4,1,0,0,'');
INSERT INTO abilities VALUES('default','claude-3-5-sonnet-20241022',4,1,0,0,'');
INSERT INTO abilities VALUES('default','claude-3-7-sonnet-20250219',4,1,0,0,'');
INSERT INTO abilities VALUES('default','claude-3-7-sonnet-20250219-thinking',4,1,0,0,'');
INSERT INTO abilities VALUES('default','claude-3-opus-20240229',4,1,0,0,'');
INSERT INTO abilities VALUES('default','claude-opus-4-1-20250805',4,1,0,0,'');
INSERT INTO abilities VALUES('default','claude-opus-4-1-20250805-thinking',4,1,0,0,'');
INSERT INTO abilities VALUES('default','claude-opus-4-20250514',4,1,0,0,'');
INSERT INTO abilities VALUES('default','claude-opus-4-20250514-thinking',4,1,0,0,'');
INSERT INTO abilities VALUES('default','claude-sonnet-4-20250514',4,1,0,0,'');
INSERT INTO abilities VALUES('default','claude-sonnet-4-20250514-thinking',4,1,0,0,'');
INSERT INTO abilities VALUES('default','claude-3-5-haiku-latest',4,1,0,0,'');
INSERT INTO abilities VALUES('default','claude-3-5-sonnet-20240620',4,1,0,0,'');
INSERT INTO abilities VALUES('default','claude-3-5-sonnet-latest',4,1,0,0,'');
INSERT INTO abilities VALUES('default','claude-3-7-sonnet-thinking',4,1,0,0,'');
INSERT INTO abilities VALUES('default','claude-3-haiku-20240307',4,1,0,0,'');
INSERT INTO abilities VALUES('default','claude-3-opus-latest',4,1,0,0,'');
INSERT INTO abilities VALUES('default','claude-3-sonnet-20240229',4,1,0,0,'');
INSERT INTO abilities VALUES('default','claude-1.3',4,1,0,0,'');
INSERT INTO abilities VALUES('default','claude-1.3-100k',4,1,0,0,'');
INSERT INTO abilities VALUES('default','claude-3-5-sonnet-all',4,1,0,0,'');
INSERT INTO abilities VALUES('default','claude-opus-4.1',4,1,0,0,'');
INSERT INTO abilities VALUES('default','claude-3-5-sonnet',4,1,0,0,'');
INSERT INTO abilities VALUES('default','claude-3-haiku',4,1,0,0,'');
INSERT INTO abilities VALUES('default','claude-3-opus',4,1,0,0,'');
INSERT INTO abilities VALUES('default','claude-3-sonnet',4,1,0,0,'');
INSERT INTO abilities VALUES('default','code-llama-13b',4,1,0,0,'');
INSERT INTO abilities VALUES('default','code-llama-34b',4,1,0,0,'');
INSERT INTO abilities VALUES('default','code-llama-7b',4,1,0,0,'');
INSERT INTO abilities VALUES('default','hermes-2-pro-llama-3-8b',4,1,0,0,'');
INSERT INTO abilities VALUES('default','hermes-3-llama-3.1-405b',4,1,0,0,'');
INSERT INTO abilities VALUES('default','hermes-3-llama-3.1-70b',4,1,0,0,'');
INSERT INTO abilities VALUES('default','llama-2-13b',4,1,0,0,'');
INSERT INTO abilities VALUES('default','llama-2-70b',4,1,0,0,'');
INSERT INTO abilities VALUES('default','llama-2-7b',4,1,0,0,'');
INSERT INTO abilities VALUES('default','llama-3-70b',4,1,0,0,'');
INSERT INTO abilities VALUES('default','llama-3-8b',4,1,0,0,'');
INSERT INTO abilities VALUES('default','llama-3-8b-instruct',4,1,0,0,'');
INSERT INTO abilities VALUES('default','llama-3-sonar-large-32k-chat',4,1,0,0,'');
INSERT INTO abilities VALUES('default','llama-3-sonar-large-32k-online',4,1,0,0,'');
INSERT INTO abilities VALUES('default','llama-3-sonar-small-32k-chat',4,1,0,0,'');
INSERT INTO abilities VALUES('default','llama-3-sonar-small-32k-online',4,1,0,0,'');
INSERT INTO abilities VALUES('default','llama-3.1-405b',4,1,0,0,'');
INSERT INTO abilities VALUES('default','llama-3.1-405b-instruct',4,1,0,0,'');
INSERT INTO abilities VALUES('default','llama-3.1-70b',4,1,0,0,'');
INSERT INTO abilities VALUES('default','llama-3.1-8b',4,1,0,0,'');
INSERT INTO abilities VALUES('default','llama-3.1-8b-instruct',4,1,0,0,'');
INSERT INTO abilities VALUES('default','llama-3.1-lumimaid-8b',4,1,0,0,'');
INSERT INTO abilities VALUES('default','llama-3.2-11b-vision-instruct',4,1,0,0,'');
INSERT INTO abilities VALUES('default','llama-3.2-1b-instruct',4,1,0,0,'');
INSERT INTO abilities VALUES('default','llama-3.2-3b-instruct',4,1,0,0,'');
INSERT INTO abilities VALUES('default','llama-3.2-90b-vision-instruct',4,1,0,0,'');
INSERT INTO abilities VALUES('default','llama-3.3-70b-instruct-fp8-fast',4,1,0,0,'');
INSERT INTO abilities VALUES('default','llama-4-maverick',4,1,0,0,'');
INSERT INTO abilities VALUES('default','llama-4-maverick-17b-128e-instruct-fp8',4,1,0,0,'');
INSERT INTO abilities VALUES('default','llama-4-scout',4,1,0,0,'');
INSERT INTO abilities VALUES('default','llama-4-scout-17b-16e-instruct',4,1,0,0,'');
INSERT INTO abilities VALUES('default','llama-guard-4-12b',4,1,0,0,'');
INSERT INTO abilities VALUES('default','viduq1',1,1,0,0,'');
INSERT INTO abilities VALUES('default','vidu2.0',1,1,0,0,'');
INSERT INTO abilities VALUES('default','vidu1.5',1,1,0,0,'');
INSERT INTO abilities VALUES('default','nano-banana',5,1,0,0,'');
INSERT INTO abilities VALUES('default','nano-banana-hd',5,1,0,0,'');
CREATE TABLE `logs` (`id` integer,`user_id` integer,`created_at` integer,`type` integer,`content` text,`username` text DEFAULT "",`token_name` text DEFAULT "",`model_name` text DEFAULT "",`quota` integer DEFAULT 0,`prompt_tokens` integer DEFAULT 0,`completion_tokens` integer DEFAULT 0,`use_time` integer DEFAULT 0,`is_stream` numeric,`channel_id` integer,`channel_name` text,`token_id` integer DEFAULT 0,`group` text,`ip` text DEFAULT "",`other` text,PRIMARY KEY (`id`));
INSERT INTO logs VALUES(1,1,1758610124,2,'','zeo','playground-default','gpt-4o',108,26,15,2,1,4,NULL,0,'default','','{"admin_info":{"use_channel":["4"]},"cache_ratio":0.5,"cache_tokens":0,"completion_ratio":4,"frt":1773,"group_ratio":1,"model_price":-1,"model_ratio":1.25,"user_group_ratio":-1}');
INSERT INTO logs VALUES(2,1,1758610207,2,'','zeo','playground-default','gpt-5',1389,54,271,5,1,4,NULL,0,'default','','{"admin_info":{"use_channel":["4"]},"cache_ratio":0.1,"cache_tokens":0,"completion_ratio":8,"frt":5043,"group_ratio":1,"model_price":-1,"model_ratio":0.625,"user_group_ratio":-1}');
INSERT INTO logs VALUES(3,1,1758610408,2,'','zeo','1','gpt-5-nano',305,148,1505,8,0,4,NULL,1,'default','','{"admin_info":{"use_channel":["4"]},"cache_ratio":0.1,"cache_tokens":0,"completion_ratio":8,"frt":-1000,"group_ratio":1,"model_price":-1,"model_ratio":0.025,"user_group_ratio":-1}');
INSERT INTO logs VALUES(4,1,1758610510,2,' 0.10 1.00 IMAGINEID 1758610505473453','zeo','1','mj_imagine',50000,0,0,0,0,2,NULL,1,'default','','{"group_ratio":1,"model_price":0.1}');
INSERT INTO logs VALUES(5,1,1758615286,2,' 0.10 1.00 textGenerate','zeo','1','viduq1',50000,0,0,0,0,1,NULL,1,'default','','{"group_ratio":1,"model_price":0.1}');
INSERT INTO logs VALUES(6,1,1758615706,2,' 0.10 1.00 generate','zeo','1','viduq1',50000,0,0,0,0,1,NULL,1,'default','','{"group_ratio":1,"model_price":0.1}');
INSERT INTO logs VALUES(7,1,1758616120,2,'','zeo','1','gpt-5-nano',16,393,30,5,0,4,NULL,1,'default','','{"admin_info":{"use_channel":["4"]},"cache_ratio":0.1,"cache_tokens":0,"completion_ratio":8,"frt":-1000,"group_ratio":1,"model_price":-1,"model_ratio":0.025,"user_group_ratio":-1}');
INSERT INTO logs VALUES(8,1,1758616438,2,' 0.10 1.00 generate','zeo','1','viduq1',50000,0,0,0,0,1,NULL,1,'default','','{"group_ratio":1,"model_price":0.1}');
INSERT INTO logs VALUES(9,1,1758617597,2,'','zeo','1','gpt-5-nano',630,412,3099,20,0,4,NULL,1,'default','','{"admin_info":{"use_channel":["4"]},"cache_ratio":0.1,"cache_tokens":0,"completion_ratio":8,"frt":-1000,"group_ratio":1,"model_price":-1,"model_ratio":0.025,"user_group_ratio":-1}');
INSERT INTO logs VALUES(10,1,1758617607,2,'','zeo','1','gpt-5-nano',577,407,2832,14,0,4,NULL,1,'default','','{"admin_info":{"use_channel":["4"]},"cache_ratio":0.1,"cache_tokens":0,"completion_ratio":8,"frt":-1000,"group_ratio":1,"model_price":-1,"model_ratio":0.025,"user_group_ratio":-1}');
INSERT INTO logs VALUES(11,1,1758618763,2,' 2.50 1.00 firstTailGenerate','zeo','1','viduq1',1250000,0,0,0,0,1,NULL,1,'default','','{"group_ratio":1,"model_price":2.5}');
INSERT INTO logs VALUES(12,1,1758618769,2,' 2.50 1.00 firstTailGenerate','zeo','1','viduq1',1250000,0,0,0,0,1,NULL,1,'default','','{"group_ratio":1,"model_price":2.5}');
INSERT INTO logs VALUES(13,1,1758618900,2,' 2.50 1.00 generate','zeo','1','viduq1',1250000,0,0,0,0,1,NULL,1,'default','','{"group_ratio":1,"model_price":2.5}');
INSERT INTO logs VALUES(14,1,1758620091,2,' 2.50 1.00 generate','zeo','1','viduq1',1250000,0,0,0,0,1,NULL,1,'default','','{"group_ratio":1,"model_price":2.5}');
INSERT INTO logs VALUES(15,1,1758685587,2,' 2.50 1.00 referenceGenerate','zeo','1','viduq1',1250000,0,0,0,0,1,NULL,1,'default','','{"group_ratio":1,"model_price":2.5}');
INSERT INTO logs VALUES(16,1,1758701042,2,'','zeo','1','gpt-5-mini',819,5603,119,7,1,4,NULL,1,'default','','{"admin_info":{"use_channel":["4"]},"cache_ratio":0.1,"cache_tokens":0,"completion_ratio":8,"frt":6834,"group_ratio":1,"model_price":-1,"model_ratio":0.125,"user_group_ratio":-1}');
INSERT INTO logs VALUES(17,1,1758701268,2,' 2.50 1.00 generate','zeo','1','viduq1',1250000,0,0,0,0,1,NULL,1,'default','','{"group_ratio":1,"model_price":2.5}');
INSERT INTO logs VALUES(18,1,1758705108,2,'','zeo','1','gpt-5-mini',2468,157,2448,26,1,4,NULL,1,'default','','{"admin_info":{"use_channel":["4"]},"cache_ratio":0.1,"cache_tokens":0,"completion_ratio":8,"frt":11292,"group_ratio":1,"model_price":-1,"model_ratio":0.125,"user_group_ratio":-1}');
INSERT INTO logs VALUES(19,1,1758706220,2,' 2.50 1.00 generate','zeo','1','viduq1',1250000,0,0,0,0,1,NULL,1,'default','','{"group_ratio":1,"model_price":2.5}');
INSERT INTO logs VALUES(20,1,1758708072,2,' 2.50 1.00 textGenerate','zeo','1','viduq1',1250000,0,0,0,0,1,NULL,1,'default','','{"group_ratio":1,"model_price":2.5}');
INSERT INTO logs VALUES(21,1,1758708598,2,' 2.50 1.00 textGenerate','zeo','1','viduq1',1250000,0,0,0,0,1,NULL,1,'default','','{"group_ratio":1,"model_price":2.5}');
INSERT INTO logs VALUES(22,1,1758708911,2,' 2.50 1.00 generate','zeo','1','viduq1',1250000,0,0,0,0,1,NULL,1,'default','','{"group_ratio":1,"model_price":2.5}');
INSERT INTO logs VALUES(23,1,1758709694,2,' 2.50 1.00 referenceGenerate','zeo','1','viduq1',1250000,0,0,0,0,1,NULL,1,'default','','{"group_ratio":1,"model_price":2.5}');
INSERT INTO logs VALUES(24,1,1758767088,2,' 0.10 1.00 IMAGINEID 1758767087795005','zeo','1','mj_imagine',50000,0,0,0,0,2,NULL,1,'default','','{"group_ratio":1,"model_price":0.1}');
INSERT INTO logs VALUES(25,1,1758768602,2,',  1024x1024,  standard,  1','zeo','1','dall-e-3',20000,1,0,24,0,4,NULL,1,'default','','{"admin_info":{"use_channel":["4"]},"cache_ratio":0,"cache_tokens":0,"completion_ratio":0,"frt":-1000,"group_ratio":1,"model_price":0.04,"model_ratio":0,"user_group_ratio":-1}');
INSERT INTO logs VALUES(26,1,1758771429,2,'','zeo','1','nano-banana',20000,122,1290,10,0,4,NULL,1,'default','','{"admin_info":{"use_channel":["4"]},"cache_ratio":0,"cache_tokens":0,"completion_ratio":0,"frt":-1000,"group_ratio":1,"model_price":0.04,"model_ratio":0,"user_group_ratio":-1}');
INSERT INTO logs VALUES(27,1,1758771734,2,'','zeo','1','nano-banana-hd',60000,125,1303,30,0,4,NULL,1,'default','','{"admin_info":{"use_channel":["4"]},"cache_ratio":0,"cache_tokens":0,"completion_ratio":0,"frt":-1000,"group_ratio":1,"model_price":0.12,"model_ratio":0,"user_group_ratio":-1}');
INSERT INTO logs VALUES(28,1,1758780052,2,'','zeo','1','nano-banana',20000,124,1290,14,0,5,NULL,1,'default','','{"admin_info":{"use_channel":["5"]},"cache_ratio":0,"cache_tokens":0,"completion_ratio":0,"frt":-1000,"group_ratio":1,"model_price":0.04,"model_ratio":0,"user_group_ratio":-1}');
INSERT INTO logs VALUES(29,1,1758780529,2,'','zeo','1','nano-banana',20000,123,1290,15,0,5,NULL,1,'default','','{"admin_info":{"use_channel":["5"]},"cache_ratio":0,"cache_tokens":0,"completion_ratio":0,"frt":-1000,"group_ratio":1,"model_price":0.04,"model_ratio":0,"user_group_ratio":-1}');
INSERT INTO logs VALUES(30,1,1758780991,2,',  1024x1024,  standard,  1','zeo','1','nano-banana',20000,1426,1290,16,0,5,NULL,1,'default','','{"admin_info":{"use_channel":["5"]},"cache_ratio":0,"cache_tokens":0,"completion_ratio":0,"frt":-1000,"group_ratio":1,"model_price":0.04,"model_ratio":0,"user_group_ratio":-1}');
INSERT INTO logs VALUES(31,1,1758781182,2,'','zeo','1','nano-banana',20000,1423,1290,18,0,4,NULL,1,'default','','{"admin_info":{"use_channel":["4"]},"cache_ratio":0,"cache_tokens":0,"completion_ratio":0,"frt":-1000,"group_ratio":1,"model_price":0.04,"model_ratio":0,"user_group_ratio":-1}');
INSERT INTO logs VALUES(32,1,1758781223,2,',  1024x1024,  standard,  1','zeo','1','nano-banana',20000,1427,1290,13,0,4,NULL,1,'default','','{"admin_info":{"use_channel":["4"]},"cache_ratio":0,"cache_tokens":0,"completion_ratio":0,"frt":-1000,"group_ratio":1,"model_price":0.04,"model_ratio":0,"user_group_ratio":-1}');
INSERT INTO logs VALUES(33,1,1758781257,2,' 2.50 1.00 generate','zeo','1','viduq1',1250000,0,0,0,0,1,NULL,1,'default','','{"group_ratio":1,"model_price":2.5}');
CREATE TABLE `midjourneys` (`id` integer,`code` integer,`user_id` integer,`action` varchar(40),`mj_id` text,`prompt` text,`prompt_en` text,`description` text,`state` text,`submit_time` integer,`start_time` integer,`finish_time` integer,`image_url` text,`video_url` text,`video_urls` text,`status` varchar(20),`progress` varchar(30),`fail_reason` text,`channel_id` integer,`quota` integer,`buttons` text,`properties` text,PRIMARY KEY (`id`));
INSERT INTO midjourneys VALUES(1,1,1,'IMAGINE','1758610505473453',' --v 7.0',' --v 7.0 ','Submit success','',1758610510040,1758610511116,1758610546410,'https://mj-sh.oss-cn-shanghai.aliyuncs.com/images/orig_1758610505473453_e3103720e5224b56b3b97883f783d8c0.png','','','SUCCESS','100%','',2,50000,'[{"customId":"MJ::JOB::upsample::1::68d2444e470fc693140eead0","emoji":"","label":"U1","style":2,"type":2},{"customId":"MJ::JOB::upsample::2::68d2444e470fc693140eead0","emoji":"","label":"U2","style":2,"type":2},{"customId":"MJ::JOB::upsample::3::68d2444e470fc693140eead0","emoji":"","label":"U3","style":2,"type":2},{"customId":"MJ::JOB::upsample::4::68d2444e470fc693140eead0","emoji":"","label":"U4","style":2,"type":2},{"customId":"MJ::JOB::reroll::0::68d2444e470fc693140eead0::SOLO","emoji":"","label":"","style":2,"type":2},{"customId":"MJ::JOB::variation::1::68d2444e470fc693140eead0","emoji":"","label":"V1","style":2,"type":2},{"customId":"MJ::JOB::variation::2::68d2444e470fc693140eead0","emoji":"","label":"V2","style":2,"type":2},{"customId":"MJ::JOB::variation::3::68d2444e470fc693140eead0","emoji":"","label":"V3","style":2,"type":2},{"customId":"MJ::JOB::variation::4::68d2444e470fc693140eead0","emoji":"","label":"V4","style":2,"type":2}]','{"finalPrompt":" --ar 1:1 --v 7.0 --stylize 100 --fast","finalZhPrompt":""}');
INSERT INTO midjourneys VALUES(2,1,1,'IMAGINE','1758767087795005',' --v 7.0',' --v 7.0 ','Submit success','',1758767088648,1758767089329,1758767132600,'https://mj-sh.oss-cn-shanghai.aliyuncs.com/images/orig_1758767087795005_c2ae156ddabd4ff9b1e1bdb278999438.png','','','SUCCESS','100%','',2,50000,'[{"customId":"MJ::JOB::upsample::1::68d4a7f0470fc69314392f18","emoji":"","label":"U1","style":2,"type":2},{"customId":"MJ::JOB::upsample::2::68d4a7f0470fc69314392f18","emoji":"","label":"U2","style":2,"type":2},{"customId":"MJ::JOB::upsample::3::68d4a7f0470fc69314392f18","emoji":"","label":"U3","style":2,"type":2},{"customId":"MJ::JOB::upsample::4::68d4a7f0470fc69314392f18","emoji":"","label":"U4","style":2,"type":2},{"customId":"MJ::JOB::reroll::0::68d4a7f0470fc69314392f18::SOLO","emoji":"","label":"","style":2,"type":2},{"customId":"MJ::JOB::variation::1::68d4a7f0470fc69314392f18","emoji":"","label":"V1","style":2,"type":2},{"customId":"MJ::JOB::variation::2::68d4a7f0470fc69314392f18","emoji":"","label":"V2","style":2,"type":2},{"customId":"MJ::JOB::variation::3::68d4a7f0470fc69314392f18","emoji":"","label":"V3","style":2,"type":2},{"customId":"MJ::JOB::variation::4::68d4a7f0470fc69314392f18","emoji":"","label":"V4","style":2,"type":2}]','{"finalPrompt":" --ar 1:1 --v 7.0 --stylize 100 --fast","finalZhPrompt":""}');
CREATE TABLE `quota_data` (`id` integer,`user_id` integer,`username` text DEFAULT "",`model_name` text DEFAULT "",`created_at` integer,`token_used` integer DEFAULT 0,`count` integer DEFAULT 0,`quota` integer DEFAULT 0,PRIMARY KEY (`id`));
INSERT INTO quota_data VALUES(1,1,'zeo','gpt-4o',1758607200,41,1,108);
INSERT INTO quota_data VALUES(2,1,'zeo','gpt-5',1758607200,325,1,1389);
INSERT INTO quota_data VALUES(3,1,'zeo','gpt-5-nano',1758607200,1653,1,305);
INSERT INTO quota_data VALUES(4,1,'zeo','mj_imagine',1758607200,0,1,50000);
INSERT INTO quota_data VALUES(5,1,'zeo','viduq1',1758614400,0,3,150000);
INSERT INTO quota_data VALUES(6,1,'zeo','gpt-5-nano',1758614400,7173,3,1223);
INSERT INTO quota_data VALUES(7,1,'zeo','viduq1',1758618000,0,4,5000000);
INSERT INTO quota_data VALUES(8,1,'zeo','viduq1',1758682800,0,1,1250000);
INSERT INTO quota_data VALUES(9,1,'zeo','viduq1',1758700800,0,1,1250000);
INSERT INTO quota_data VALUES(10,1,'zeo','gpt-5-mini',1758700800,5722,1,819);
INSERT INTO quota_data VALUES(11,1,'zeo','gpt-5-mini',1758704400,2605,1,2468);
INSERT INTO quota_data VALUES(12,1,'zeo','viduq1',1758704400,0,1,1250000);
INSERT INTO quota_data VALUES(13,1,'zeo','viduq1',1758708000,0,4,5000000);
INSERT INTO quota_data VALUES(14,1,'zeo','mj_imagine',1758765600,0,1,50000);
INSERT INTO quota_data VALUES(15,1,'zeo','dall-e-3',1758765600,1,1,20000);
INSERT INTO quota_data VALUES(16,1,'zeo','nano-banana',1758769200,1412,1,20000);
INSERT INTO quota_data VALUES(17,1,'zeo','nano-banana-hd',1758769200,1428,1,60000);
INSERT INTO quota_data VALUES(18,1,'zeo','nano-banana',1758780000,10973,5,100000);
INSERT INTO quota_data VALUES(19,1,'zeo','viduq1',1758780000,0,1,1250000);
CREATE TABLE `tasks` (`id` integer,`created_at` integer,`updated_at` integer,`task_id` varchar(50),`platform` varchar(30),`user_id` integer,`channel_id` integer,`quota` integer,`action` varchar(40),`status` varchar(20),`fail_reason` text,`submit_time` integer,`start_time` integer,`finish_time` integer,`progress` varchar(20),`properties` json,`data` json,PRIMARY KEY (`id`));
INSERT INTO tasks VALUES(1,1758615286,1758615466,'867985086375534592','52',1,1,50000,'textGenerate','SUCCESS','https://prod-ss-vidu.s3.cn-northwest-1.amazonaws.com.cn/infer/tasks/25/0923/08/867985086375534592/creation-01/video.mp4?X-Amz-Algorithm=AWS4-HMAC-SHA256&X-Amz-Credential=AKIARRHG6JR7EMNHVUWT%2F20250923%2Fcn-northwest-1%2Fs3%2Faws4_request&X-Amz-Date=20250923T081746Z&X-Amz-Expires=86400&X-Amz-SignedHeaders=host&response-cache-control=max-age%3D86400&response-content-disposition=attachment%3Bfilename%3Dgeneral-5-2025-09-23T08%253A17%253A41Z.mp4&x-id=GetObject&X-Amz-Signature=ec680be1ac109a9ec0e23894e2642dcc5c4fbf7de7464ab675ea49f3c7600dc1',1758615286,1758615300,1758615466,'100%',X'7b22696e707574223a22227d',X'7b2262676d223a66616c73652c226372656174696f6e73223a5b7b22636f7665725f75726c223a2268747470733a2f2f70726f642d73732d766964752e73332e636e2d6e6f727468776573742d312e616d617a6f6e6177732e636f6d2e636e2f696e6665722f7461736b732f32352f303932332f30382f3836373938353038363337353533343539322f6372656174696f6e2d30312f636f7665722e6a7065673f582d416d7a2d416c676f726974686d3d415753342d484d41432d5348413235365c7530303236582d416d7a2d43726564656e7469616c3d414b494152524847364a5237454d4e48565557542532463230323530393233253246636e2d6e6f727468776573742d312532467333253246617773345f726571756573745c7530303236582d416d7a2d446174653d3230323530393233543038313734365a5c7530303236582d416d7a2d457870697265733d333630305c7530303236582d416d7a2d5369676e6564486561646572733d686f73745c7530303236726573706f6e73652d63616368652d636f6e74726f6c3d6d61782d61676525334438363430305c7530303236782d69643d4765744f626a6563745c7530303236582d416d7a2d5369676e61747572653d32316461396534643537373333653164663931636364363864633631633530336438323561643462323634303663386161363133613231383762653063316433222c226964223a22383637393835383231343438333433353532222c226d6f6465726174696f6e5f75726c223a5b5d2c2275726c223a2268747470733a2f2f70726f642d73732d766964752e73332e636e2d6e6f727468776573742d312e616d617a6f6e6177732e636f6d2e636e2f696e6665722f7461736b732f32352f303932332f30382f3836373938353038363337353533343539322f6372656174696f6e2d30312f766964656f2e6d70343f582d416d7a2d416c676f726974686d3d415753342d484d41432d5348413235365c7530303236582d416d7a2d43726564656e7469616c3d414b494152524847364a5237454d4e48565557542532463230323530393233253246636e2d6e6f727468776573742d312532467333253246617773345f726571756573745c7530303236582d416d7a2d446174653d3230323530393233543038313734365a5c7530303236582d416d7a2d457870697265733d38363430305c7530303236582d416d7a2d5369676e6564486561646572733d686f73745c7530303236726573706f6e73652d63616368652d636f6e74726f6c3d6d61782d61676525334438363430305c7530303236726573706f6e73652d636f6e74656e742d646973706f736974696f6e3d6174746163686d656e7425334266696c656e616d6525334467656e6572616c2d352d323032352d30392d323354303825323533413137253235334134315a2e6d70345c7530303236782d69643d4765744f626a6563745c7530303236582d416d7a2d5369676e61747572653d65633638306265316163313039613965633065323338393465323634326463633563346662663764653734363461623637356561343966336337363030646331222c22766964656f223a7b226475726174696f6e223a302c22667073223a302c227265736f6c7574696f6e223a6e756c6c7d2c2277617465726d61726b65645f75726c223a22227d5d2c2263726564697473223a382c226375735f7072696f72697479223a302c226572725f636f6465223a22222c226964223a22383637393835303836333735353334353932222c226f66665f7065616b223a66616c73652c227061796c6f6164223a22222c227374617465223a2273756363657373227d');
INSERT INTO tasks VALUES(2,1758615706,1758615782,'867986847878356992','52',1,1,50000,'generate','SUCCESS','https://prod-ss-vidu.s3.cn-northwest-1.amazonaws.com.cn/infer/tasks/25/0923/08/867986847878356992/creation-01/video.mp4?X-Amz-Algorithm=AWS4-HMAC-SHA256&X-Amz-Credential=AKIARRHG6JR7EMNHVUWT%2F20250923%2Fcn-northwest-1%2Fs3%2Faws4_request&X-Amz-Date=20250923T082302Z&X-Amz-Expires=86400&X-Amz-SignedHeaders=host&response-cache-control=max-age%3D86400&response-content-disposition=attachment%3Bfilename%3Dgeneral-5-2025-09-23T08%253A22%253A56Z.mp4&x-id=GetObject&X-Amz-Signature=1ebdb86c4346d386fedf58ea7fa87f5917b1a1fb328ee1f74fb379fc1754dac7',1758615706,1758615721,1758615782,'100%',X'7b22696e707574223a22227d',X'7b2262676d223a66616c73652c226372656174696f6e73223a5b7b22636f7665725f75726c223a2268747470733a2f2f70726f642d73732d766964752e73332e636e2d6e6f727468776573742d312e616d617a6f6e6177732e636f6d2e636e2f696e6665722f7461736b732f32352f303932332f30382f3836373938363834373837383335363939322f6372656174696f6e2d30312f636f7665722e6a7065673f582d416d7a2d416c676f726974686d3d415753342d484d41432d5348413235365c7530303236582d416d7a2d43726564656e7469616c3d414b494152524847364a5237454d4e48565557542532463230323530393233253246636e2d6e6f727468776573742d312532467333253246617773345f726571756573745c7530303236582d416d7a2d446174653d3230323530393233543038323330325a5c7530303236582d416d7a2d457870697265733d333630305c7530303236582d416d7a2d5369676e6564486561646572733d686f73745c7530303236726573706f6e73652d63616368652d636f6e74726f6c3d6d61782d61676525334438363430305c7530303236782d69643d4765744f626a6563745c7530303236582d416d7a2d5369676e61747572653d61393135346663643033333438353930303665616432323737396162363432343830393230613935633336626537636233326530393164656433646566396137222c226964223a22383637393837313431363330363839323830222c226d6f6465726174696f6e5f75726c223a5b5d2c2275726c223a2268747470733a2f2f70726f642d73732d766964752e73332e636e2d6e6f727468776573742d312e616d617a6f6e6177732e636f6d2e636e2f696e6665722f7461736b732f32352f303932332f30382f3836373938363834373837383335363939322f6372656174696f6e2d30312f766964656f2e6d70343f582d416d7a2d416c676f726974686d3d415753342d484d41432d5348413235365c7530303236582d416d7a2d43726564656e7469616c3d414b494152524847364a5237454d4e48565557542532463230323530393233253246636e2d6e6f727468776573742d312532467333253246617773345f726571756573745c7530303236582d416d7a2d446174653d3230323530393233543038323330325a5c7530303236582d416d7a2d457870697265733d38363430305c7530303236582d416d7a2d5369676e6564486561646572733d686f73745c7530303236726573706f6e73652d63616368652d636f6e74726f6c3d6d61782d61676525334438363430305c7530303236726573706f6e73652d636f6e74656e742d646973706f736974696f6e3d6174746163686d656e7425334266696c656e616d6525334467656e6572616c2d352d323032352d30392d323354303825323533413232253235334135365a2e6d70345c7530303236782d69643d4765744f626a6563745c7530303236582d416d7a2d5369676e61747572653d31656264623836633433343664333836666564663538656137666138376635393137623161316662333238656531663734666233373966633137353464616337222c22766964656f223a7b226475726174696f6e223a302c22667073223a302c227265736f6c7574696f6e223a6e756c6c7d2c2277617465726d61726b65645f75726c223a22227d5d2c2263726564697473223a382c226375735f7072696f72697479223a302c226572725f636f6465223a22222c226964223a22383637393836383437383738333536393932222c226f66665f7065616b223a66616c73652c227061796c6f6164223a22222c227374617465223a2273756363657373227d');
INSERT INTO tasks VALUES(3,1758616438,1758616517,'867989918490599424','52',1,1,50000,'generate','SUCCESS','https://prod-ss-vidu.s3.cn-northwest-1.amazonaws.com.cn/infer/tasks/25/0923/08/867989918490599424/creation-01/video.mp4?X-Amz-Algorithm=AWS4-HMAC-SHA256&X-Amz-Credential=AKIARRHG6JR7EMNHVUWT%2F20250923%2Fcn-northwest-1%2Fs3%2Faws4_request&X-Amz-Date=20250923T083517Z&X-Amz-Expires=86400&X-Amz-SignedHeaders=host&response-cache-control=max-age%3D86400&response-content-disposition=attachment%3Bfilename%3Dgeneral-5-2025-09-23T08%253A35%253A14Z.mp4&x-id=GetObject&X-Amz-Signature=e40b6b56c6926df2f17ab41d8ed88224025a548b93339c362fa798b1c23a441e',1758616438,1758616457,1758616517,'100%',X'7b22696e707574223a22227d',X'7b2262676d223a66616c73652c226372656174696f6e73223a5b7b22636f7665725f75726c223a2268747470733a2f2f70726f642d73732d766964752e73332e636e2d6e6f727468776573742d312e616d617a6f6e6177732e636f6d2e636e2f696e6665722f7461736b732f32352f303932332f30382f3836373938393931383439303539393432342f6372656174696f6e2d30312f636f7665722e6a7065673f582d416d7a2d416c676f726974686d3d415753342d484d41432d5348413235365c7530303236582d416d7a2d43726564656e7469616c3d414b494152524847364a5237454d4e48565557542532463230323530393233253246636e2d6e6f727468776573742d312532467333253246617773345f726571756573745c7530303236582d416d7a2d446174653d3230323530393233543038333531375a5c7530303236582d416d7a2d457870697265733d333630305c7530303236582d416d7a2d5369676e6564486561646572733d686f73745c7530303236726573706f6e73652d63616368652d636f6e74726f6c3d6d61782d61676525334438363430305c7530303236782d69643d4765744f626a6563745c7530303236582d416d7a2d5369676e61747572653d33336439623730346438623632366236643837663134623165306165626431373337656338346633353736653261636363653832666534663037343439636665222c226964223a22383637393930323430303137353535343536222c226d6f6465726174696f6e5f75726c223a5b5d2c2275726c223a2268747470733a2f2f70726f642d73732d766964752e73332e636e2d6e6f727468776573742d312e616d617a6f6e6177732e636f6d2e636e2f696e6665722f7461736b732f32352f303932332f30382f3836373938393931383439303539393432342f6372656174696f6e2d30312f766964656f2e6d70343f582d416d7a2d416c676f726974686d3d415753342d484d41432d5348413235365c7530303236582d416d7a2d43726564656e7469616c3d414b494152524847364a5237454d4e48565557542532463230323530393233253246636e2d6e6f727468776573742d312532467333253246617773345f726571756573745c7530303236582d416d7a2d446174653d3230323530393233543038333531375a5c7530303236582d416d7a2d457870697265733d38363430305c7530303236582d416d7a2d5369676e6564486561646572733d686f73745c7530303236726573706f6e73652d63616368652d636f6e74726f6c3d6d61782d61676525334438363430305c7530303236726573706f6e73652d636f6e74656e742d646973706f736974696f6e3d6174746163686d656e7425334266696c656e616d6525334467656e6572616c2d352d323032352d30392d323354303825323533413335253235334131345a2e6d70345c7530303236782d69643d4765744f626a6563745c7530303236582d416d7a2d5369676e61747572653d65343062366235366336393236646632663137616234316438656438383232343032356135343862393333333963333632666137393862316332336134343165222c22766964656f223a7b226475726174696f6e223a302c22667073223a302c227265736f6c7574696f6e223a6e756c6c7d2c2277617465726d61726b65645f75726c223a22227d5d2c2263726564697473223a382c226375735f7072696f72697479223a302c226572725f636f6465223a22222c226964223a22383637393839393138343930353939343234222c226f66665f7065616b223a66616c73652c227061796c6f6164223a22222c227374617465223a2273756363657373227d');
INSERT INTO tasks VALUES(4,1758618763,1758618919,'867999673242132480','52',1,1,1250000,'firstTailGenerate','SUCCESS','https://prod-ss-vidu.s3.cn-northwest-1.amazonaws.com.cn/infer/tasks/25/0923/09/867999673242132480/creation-01/video.mp4?X-Amz-Algorithm=AWS4-HMAC-SHA256&X-Amz-Credential=AKIARRHG6JR7EMNHVUWT%2F20250923%2Fcn-northwest-1%2Fs3%2Faws4_request&X-Amz-Date=20250923T091519Z&X-Amz-Expires=86400&X-Amz-SignedHeaders=host&response-cache-control=max-age%3D86400&response-content-disposition=attachment%3Bfilename%3Dgeneral-5-2025-09-23T09%253A15%253A11Z.mp4&x-id=GetObject&X-Amz-Signature=e0bd28ec50891fea77176fbe515277221fbb20bb96338a029a37b355733d4e1c',1758618763,1758618783,1758618919,'100%',X'7b22696e707574223a22227d',X'7b2262676d223a66616c73652c226372656174696f6e73223a5b7b22636f7665725f75726c223a2268747470733a2f2f70726f642d73732d766964752e73332e636e2d6e6f727468776573742d312e616d617a6f6e6177732e636f6d2e636e2f696e6665722f7461736b732f32352f303932332f30392f3836373939393637333234323133323438302f6372656174696f6e2d30312f636f7665722e6a7065673f582d416d7a2d416c676f726974686d3d415753342d484d41432d5348413235365c7530303236582d416d7a2d43726564656e7469616c3d414b494152524847364a5237454d4e48565557542532463230323530393233253246636e2d6e6f727468776573742d312532467333253246617773345f726571756573745c7530303236582d416d7a2d446174653d3230323530393233543039313531395a5c7530303236582d416d7a2d457870697265733d333630305c7530303236582d416d7a2d5369676e6564486561646572733d686f73745c7530303236726573706f6e73652d63616368652d636f6e74726f6c3d6d61782d61676525334438363430305c7530303236782d69643d4765744f626a6563745c7530303236582d416d7a2d5369676e61747572653d37663737363366613465336538303632373330353837626533613864653363376466373438363863656636383665653231306463306361653262643634386337222c226964223a22383638303030323934313833363737393532222c226d6f6465726174696f6e5f75726c223a5b5d2c2275726c223a2268747470733a2f2f70726f642d73732d766964752e73332e636e2d6e6f727468776573742d312e616d617a6f6e6177732e636f6d2e636e2f696e6665722f7461736b732f32352f303932332f30392f3836373939393637333234323133323438302f6372656174696f6e2d30312f766964656f2e6d70343f582d416d7a2d416c676f726974686d3d415753342d484d41432d5348413235365c7530303236582d416d7a2d43726564656e7469616c3d414b494152524847364a5237454d4e48565557542532463230323530393233253246636e2d6e6f727468776573742d312532467333253246617773345f726571756573745c7530303236582d416d7a2d446174653d3230323530393233543039313531395a5c7530303236582d416d7a2d457870697265733d38363430305c7530303236582d416d7a2d5369676e6564486561646572733d686f73745c7530303236726573706f6e73652d63616368652d636f6e74726f6c3d6d61782d61676525334438363430305c7530303236726573706f6e73652d636f6e74656e742d646973706f736974696f6e3d6174746163686d656e7425334266696c656e616d6525334467656e6572616c2d352d323032352d30392d323354303925323533413135253235334131315a2e6d70345c7530303236782d69643d4765744f626a6563745c7530303236582d416d7a2d5369676e61747572653d65306264323865633530383931666561373731373666626535313532373732323166626232306262393633333861303239613337623335353733336434653163222c22766964656f223a7b226475726174696f6e223a302c22667073223a302c227265736f6c7574696f6e223a6e756c6c7d2c2277617465726d61726b65645f75726c223a22227d5d2c2263726564697473223a382c226375735f7072696f72697479223a302c226572725f636f6465223a22222c226964223a22383637393939363733323432313332343830222c226f66665f7065616b223a66616c73652c227061796c6f6164223a22222c227374617465223a2273756363657373227d');
INSERT INTO tasks VALUES(5,1758618769,1758618919,'867999696461770752','52',1,1,1250000,'firstTailGenerate','SUCCESS','https://prod-ss-vidu.s3.cn-northwest-1.amazonaws.com.cn/infer/tasks/25/0923/09/867999696461770752/creation-01/video.mp4?X-Amz-Algorithm=AWS4-HMAC-SHA256&X-Amz-Credential=AKIARRHG6JR7EMNHVUWT%2F20250923%2Fcn-northwest-1%2Fs3%2Faws4_request&X-Amz-Date=20250923T091519Z&X-Amz-Expires=86400&X-Amz-SignedHeaders=host&response-cache-control=max-age%3D86400&response-content-disposition=attachment%3Bfilename%3Dgeneral-5-2025-09-23T09%253A15%253A16Z.mp4&x-id=GetObject&X-Amz-Signature=2b6b06491d48cee690c8b095a830991f3d1da12bd03fc788ebc160e00a762e92',1758618769,1758618783,1758618919,'100%',X'7b22696e707574223a22227d',X'7b2262676d223a66616c73652c226372656174696f6e73223a5b7b22636f7665725f75726c223a2268747470733a2f2f70726f642d73732d766964752e73332e636e2d6e6f727468776573742d312e616d617a6f6e6177732e636f6d2e636e2f696e6665722f7461736b732f32352f303932332f30392f3836373939393639363436313737303735322f6372656174696f6e2d30312f636f7665722e6a7065673f582d416d7a2d416c676f726974686d3d415753342d484d41432d5348413235365c7530303236582d416d7a2d43726564656e7469616c3d414b494152524847364a5237454d4e48565557542532463230323530393233253246636e2d6e6f727468776573742d312532467333253246617773345f726571756573745c7530303236582d416d7a2d446174653d3230323530393233543039313531395a5c7530303236582d416d7a2d457870697265733d333630305c7530303236582d416d7a2d5369676e6564486561646572733d686f73745c7530303236726573706f6e73652d63616368652d636f6e74726f6c3d6d61782d61676525334438363430305c7530303236782d69643d4765744f626a6563745c7530303236582d416d7a2d5369676e61747572653d62313563376536326435313533333265376536333531323737663865333838373262363433383965613635616338623138396139643537343636303330353734222c226964223a22383638303030333134393337303938323430222c226d6f6465726174696f6e5f75726c223a5b5d2c2275726c223a2268747470733a2f2f70726f642d73732d766964752e73332e636e2d6e6f727468776573742d312e616d617a6f6e6177732e636f6d2e636e2f696e6665722f7461736b732f32352f303932332f30392f3836373939393639363436313737303735322f6372656174696f6e2d30312f766964656f2e6d70343f582d416d7a2d416c676f726974686d3d415753342d484d41432d5348413235365c7530303236582d416d7a2d43726564656e7469616c3d414b494152524847364a5237454d4e48565557542532463230323530393233253246636e2d6e6f727468776573742d312532467333253246617773345f726571756573745c7530303236582d416d7a2d446174653d3230323530393233543039313531395a5c7530303236582d416d7a2d457870697265733d38363430305c7530303236582d416d7a2d5369676e6564486561646572733d686f73745c7530303236726573706f6e73652d63616368652d636f6e74726f6c3d6d61782d61676525334438363430305c7530303236726573706f6e73652d636f6e74656e742d646973706f736974696f6e3d6174746163686d656e7425334266696c656e616d6525334467656e6572616c2d352d323032352d30392d323354303925323533413135253235334131365a2e6d70345c7530303236782d69643d4765744f626a6563745c7530303236582d416d7a2d5369676e61747572653d32623662303634393164343863656536393063386230393561383330393931663364316461313262643033666337383865626331363065303061373632653932222c22766964656f223a7b226475726174696f6e223a302c22667073223a302c227265736f6c7574696f6e223a6e756c6c7d2c2277617465726d61726b65645f75726c223a22227d5d2c2263726564697473223a382c226375735f7072696f72697479223a302c226572725f636f6465223a22222c226964223a22383637393939363936343631373730373532222c226f66665f7065616b223a66616c73652c227061796c6f6164223a22222c227374617465223a2273756363657373227d');
INSERT INTO tasks VALUES(6,1758618900,1758618979,'868000247656259584','52',1,1,1250000,'generate','SUCCESS','https://prod-ss-vidu.s3.cn-northwest-1.amazonaws.com.cn/infer/tasks/25/0923/09/868000247656259584/creation-01/video.mp4?X-Amz-Algorithm=AWS4-HMAC-SHA256&X-Amz-Credential=AKIARRHG6JR7EMNHVUWT%2F20250923%2Fcn-northwest-1%2Fs3%2Faws4_request&X-Amz-Date=20250923T091619Z&X-Amz-Expires=86400&X-Amz-SignedHeaders=host&response-cache-control=max-age%3D86400&response-content-disposition=attachment%3Bfilename%3Dgeneral-5-2025-09-23T09%253A16%253A04Z.mp4&x-id=GetObject&X-Amz-Signature=5d5ae4aeec09292d5eb3a0d9025cf0a27b8b36dee08886d86359699750053def',1758618900,1758618919,1758618979,'100%',X'7b22696e707574223a22227d',X'7b2262676d223a66616c73652c226372656174696f6e73223a5b7b22636f7665725f75726c223a2268747470733a2f2f70726f642d73732d766964752e73332e636e2d6e6f727468776573742d312e616d617a6f6e6177732e636f6d2e636e2f696e6665722f7461736b732f32352f303932332f30392f3836383030303234373635363235393538342f6372656174696f6e2d30312f636f7665722e6a7065673f582d416d7a2d416c676f726974686d3d415753342d484d41432d5348413235365c7530303236582d416d7a2d43726564656e7469616c3d414b494152524847364a5237454d4e48565557542532463230323530393233253246636e2d6e6f727468776573742d312532467333253246617773345f726571756573745c7530303236582d416d7a2d446174653d3230323530393233543039313631395a5c7530303236582d416d7a2d457870697265733d333630305c7530303236582d416d7a2d5369676e6564486561646572733d686f73745c7530303236726573706f6e73652d63616368652d636f6e74726f6c3d6d61782d61676525334438363430305c7530303236782d69643d4765744f626a6563745c7530303236582d416d7a2d5369676e61747572653d39633130653539313965643237383135343265643531633735366465393438666134343065313336383566363738643536363630623737646164393264316639222c226964223a22383638303030353135383938373635333132222c226d6f6465726174696f6e5f75726c223a5b5d2c2275726c223a2268747470733a2f2f70726f642d73732d766964752e73332e636e2d6e6f727468776573742d312e616d617a6f6e6177732e636f6d2e636e2f696e6665722f7461736b732f32352f303932332f30392f3836383030303234373635363235393538342f6372656174696f6e2d30312f766964656f2e6d70343f582d416d7a2d416c676f726974686d3d415753342d484d41432d5348413235365c7530303236582d416d7a2d43726564656e7469616c3d414b494152524847364a5237454d4e48565557542532463230323530393233253246636e2d6e6f727468776573742d312532467333253246617773345f726571756573745c7530303236582d416d7a2d446174653d3230323530393233543039313631395a5c7530303236582d416d7a2d457870697265733d38363430305c7530303236582d416d7a2d5369676e6564486561646572733d686f73745c7530303236726573706f6e73652d63616368652d636f6e74726f6c3d6d61782d61676525334438363430305c7530303236726573706f6e73652d636f6e74656e742d646973706f736974696f6e3d6174746163686d656e7425334266696c656e616d6525334467656e6572616c2d352d323032352d30392d323354303925323533413136253235334130345a2e6d70345c7530303236782d69643d4765744f626a6563745c7530303236582d416d7a2d5369676e61747572653d35643561653461656563303932393264356562336130643930323563663061323762386233366465653038383836643836333539363939373530303533646566222c22766964656f223a7b226475726174696f6e223a302c22667073223a302c227265736f6c7574696f6e223a6e756c6c7d2c2277617465726d61726b65645f75726c223a22227d5d2c2263726564697473223a382c226375735f7072696f72697479223a302c226572725f636f6465223a22222c226964223a22383638303030323437363536323539353834222c226f66665f7065616b223a66616c73652c227061796c6f6164223a22222c227374617465223a2273756363657373227d');
INSERT INTO tasks VALUES(7,1758620091,1758620195,'868005243269455872','52',1,1,1250000,'generate','SUCCESS','https://prod-ss-vidu.s3.cn-northwest-1.amazonaws.com.cn/infer/tasks/25/0923/09/868005243269455872/creation-01/video.mp4?X-Amz-Algorithm=AWS4-HMAC-SHA256&X-Amz-Credential=AKIARRHG6JR7EMNHVUWT%2F20250923%2Fcn-northwest-1%2Fs3%2Faws4_request&X-Amz-Date=20250923T093635Z&X-Amz-Expires=86400&X-Amz-SignedHeaders=host&response-cache-control=max-age%3D86400&response-content-disposition=attachment%3Bfilename%3Dgeneral-5-2025-09-23T09%253A36%253A22Z.mp4&x-id=GetObject&X-Amz-Signature=6ab75c37b5e748a240a38619fc301ea1e4be9bbad57a395e2ae122b40d99d05d',1758620091,1758620105,1758620195,'100%',X'7b22696e707574223a22227d',X'7b2262676d223a66616c73652c226372656174696f6e73223a5b7b22636f7665725f75726c223a2268747470733a2f2f70726f642d73732d766964752e73332e636e2d6e6f727468776573742d312e616d617a6f6e6177732e636f6d2e636e2f696e6665722f7461736b732f32352f303932332f30392f3836383030353234333236393435353837322f6372656174696f6e2d30312f636f7665722e6a7065673f582d416d7a2d416c676f726974686d3d415753342d484d41432d5348413235365c7530303236582d416d7a2d43726564656e7469616c3d414b494152524847364a5237454d4e48565557542532463230323530393233253246636e2d6e6f727468776573742d312532467333253246617773345f726571756573745c7530303236582d416d7a2d446174653d3230323530393233543039333633355a5c7530303236582d416d7a2d457870697265733d333630305c7530303236582d416d7a2d5369676e6564486561646572733d686f73745c7530303236726573706f6e73652d63616368652d636f6e74726f6c3d6d61782d61676525334438363430305c7530303236782d69643d4765744f626a6563745c7530303236582d416d7a2d5369676e61747572653d36363231306230393965646462633937346434633861393236623133343531613033356137336564643934326433666263346534646431333938313761656531222c226964223a22383638303035363234333736343731353532222c226d6f6465726174696f6e5f75726c223a5b5d2c2275726c223a2268747470733a2f2f70726f642d73732d766964752e73332e636e2d6e6f727468776573742d312e616d617a6f6e6177732e636f6d2e636e2f696e6665722f7461736b732f32352f303932332f30392f3836383030353234333236393435353837322f6372656174696f6e2d30312f766964656f2e6d70343f582d416d7a2d416c676f726974686d3d415753342d484d41432d5348413235365c7530303236582d416d7a2d43726564656e7469616c3d414b494152524847364a5237454d4e48565557542532463230323530393233253246636e2d6e6f727468776573742d312532467333253246617773345f726571756573745c7530303236582d416d7a2d446174653d3230323530393233543039333633355a5c7530303236582d416d7a2d457870697265733d38363430305c7530303236582d416d7a2d5369676e6564486561646572733d686f73745c7530303236726573706f6e73652d63616368652d636f6e74726f6c3d6d61782d61676525334438363430305c7530303236726573706f6e73652d636f6e74656e742d646973706f736974696f6e3d6174746163686d656e7425334266696c656e616d6525334467656e6572616c2d352d323032352d30392d323354303925323533413336253235334132325a2e6d70345c7530303236782d69643d4765744f626a6563745c7530303236582d416d7a2d5369676e61747572653d36616237356333376235653734386132343061333836313966633330316561316534626539626261643537613339356532616531323262343064393964303564222c22766964656f223a7b226475726174696f6e223a302c22667073223a302c227265736f6c7574696f6e223a6e756c6c7d2c2277617465726d61726b65645f75726c223a22227d5d2c2263726564697473223a382c226375735f7072696f72697479223a302c226572725f636f6465223a22222c226964223a22383638303035323433323639343535383732222c226f66665f7065616b223a66616c73652c227061796c6f6164223a22222c227374617465223a2273756363657373227d');
INSERT INTO tasks VALUES(8,1758685587,1758685669,'868279952934481920','52',1,1,1250000,'referenceGenerate','SUCCESS','https://prod-ss-vidu.s3.cn-northwest-1.amazonaws.com.cn/infer/tasks/25/0924/03/868279952934481920/creation-01/video.mp4?X-Amz-Algorithm=AWS4-HMAC-SHA256&X-Amz-Credential=AKIARRHG6JR7EMNHVUWT%2F20250924%2Fcn-northwest-1%2Fs3%2Faws4_request&X-Amz-Date=20250924T034749Z&X-Amz-Expires=86400&X-Amz-SignedHeaders=host&response-cache-control=max-age%3D86400&response-content-disposition=attachment%3Bfilename%3Dgeneral-5-2025-09-24T03%253A47%253A48Z.mp4&x-id=GetObject&X-Amz-Signature=57df177de9f4701f2a313d6bbfec736fcbd00020cadc295774dd9e585eac051c',1758685587,1758685609,1758685669,'100%',X'7b22696e707574223a22227d',X'7b2262676d223a66616c73652c226372656174696f6e73223a5b7b22636f7665725f75726c223a2268747470733a2f2f70726f642d73732d766964752e73332e636e2d6e6f727468776573742d312e616d617a6f6e6177732e636f6d2e636e2f696e6665722f7461736b732f32352f303932342f30332f3836383237393935323933343438313932302f6372656174696f6e2d30312f636f7665722e6a7065673f582d416d7a2d416c676f726974686d3d415753342d484d41432d5348413235365c7530303236582d416d7a2d43726564656e7469616c3d414b494152524847364a5237454d4e48565557542532463230323530393234253246636e2d6e6f727468776573742d312532467333253246617773345f726571756573745c7530303236582d416d7a2d446174653d3230323530393234543033343734395a5c7530303236582d416d7a2d457870697265733d333630305c7530303236582d416d7a2d5369676e6564486561646572733d686f73745c7530303236726573706f6e73652d63616368652d636f6e74726f6c3d6d61782d61676525334438363430305c7530303236782d69643d4765744f626a6563745c7530303236582d416d7a2d5369676e61747572653d34346361363166386662366330653035376539663431346363376265663938656332366630653461373939636361393139623335333330346465383836343536222c226964223a22383638323830323933353136313631303234222c226d6f6465726174696f6e5f75726c223a5b5d2c2275726c223a2268747470733a2f2f70726f642d73732d766964752e73332e636e2d6e6f727468776573742d312e616d617a6f6e6177732e636f6d2e636e2f696e6665722f7461736b732f32352f303932342f30332f3836383237393935323933343438313932302f6372656174696f6e2d30312f766964656f2e6d70343f582d416d7a2d416c676f726974686d3d415753342d484d41432d5348413235365c7530303236582d416d7a2d43726564656e7469616c3d414b494152524847364a5237454d4e48565557542532463230323530393234253246636e2d6e6f727468776573742d312532467333253246617773345f726571756573745c7530303236582d416d7a2d446174653d3230323530393234543033343734395a5c7530303236582d416d7a2d457870697265733d38363430305c7530303236582d416d7a2d5369676e6564486561646572733d686f73745c7530303236726573706f6e73652d63616368652d636f6e74726f6c3d6d61782d61676525334438363430305c7530303236726573706f6e73652d636f6e74656e742d646973706f736974696f6e3d6174746163686d656e7425334266696c656e616d6525334467656e6572616c2d352d323032352d30392d323454303325323533413437253235334134385a2e6d70345c7530303236782d69643d4765744f626a6563745c7530303236582d416d7a2d5369676e61747572653d35376466313737646539663437303166326133313364366262666563373336666362643030303230636164633239353737346464396535383565616330353163222c22766964656f223a7b226475726174696f6e223a302c22667073223a302c227265736f6c7574696f6e223a6e756c6c7d2c2277617465726d61726b65645f75726c223a22227d5d2c2263726564697473223a382c226375735f7072696f72697479223a302c226572725f636f6465223a22222c226964223a22383638323739393532393334343831393230222c226f66665f7065616b223a66616c73652c227061796c6f6164223a22222c227374617465223a2273756363657373227d');
INSERT INTO tasks VALUES(9,1758701268,1758701347,'868345724708909056','52',1,1,1250000,'generate','SUCCESS','https://prod-ss-vidu.s3.cn-northwest-1.amazonaws.com.cn/infer/tasks/25/0924/08/868345724708909056/creation-01/video.mp4?X-Amz-Algorithm=AWS4-HMAC-SHA256&X-Amz-Credential=AKIARRHG6JR7EMNHVUWT%2F20250924%2Fcn-northwest-1%2Fs3%2Faws4_request&X-Amz-Date=20250924T080907Z&X-Amz-Expires=86400&X-Amz-SignedHeaders=host&response-cache-control=max-age%3D86400&response-content-disposition=attachment%3Bfilename%3Dgeneral-5-2025-09-24T08%253A08%253A58Z.mp4&x-id=GetObject&X-Amz-Signature=c2d5d435db22857bf6de7891d7e90112e2ed4f005894cb196638438d7f754410',1758701268,1758701287,1758701347,'100%',X'7b22696e707574223a22227d',X'7b2262676d223a66616c73652c226372656174696f6e73223a5b7b22636f7665725f75726c223a2268747470733a2f2f70726f642d73732d766964752e73332e636e2d6e6f727468776573742d312e616d617a6f6e6177732e636f6d2e636e2f696e6665722f7461736b732f32352f303932342f30382f3836383334353732343730383930393035362f6372656174696f6e2d30312f636f7665722e6a7065673f582d416d7a2d416c676f726974686d3d415753342d484d41432d5348413235365c7530303236582d416d7a2d43726564656e7469616c3d414b494152524847364a5237454d4e48565557542532463230323530393234253246636e2d6e6f727468776573742d312532467333253246617773345f726571756573745c7530303236582d416d7a2d446174653d3230323530393234543038303930375a5c7530303236582d416d7a2d457870697265733d333630305c7530303236582d416d7a2d5369676e6564486561646572733d686f73745c7530303236726573706f6e73652d63616368652d636f6e74726f6c3d6d61782d61676525334438363430305c7530303236782d69643d4765744f626a6563745c7530303236582d416d7a2d5369676e61747572653d38396664643836373735646537366465313530373332623132383265633936383864353833633963613632356636666237653235373064306362363166306164222c226964223a22383638333436303138333134333334323038222c226d6f6465726174696f6e5f75726c223a5b5d2c2275726c223a2268747470733a2f2f70726f642d73732d766964752e73332e636e2d6e6f727468776573742d312e616d617a6f6e6177732e636f6d2e636e2f696e6665722f7461736b732f32352f303932342f30382f3836383334353732343730383930393035362f6372656174696f6e2d30312f766964656f2e6d70343f582d416d7a2d416c676f726974686d3d415753342d484d41432d5348413235365c7530303236582d416d7a2d43726564656e7469616c3d414b494152524847364a5237454d4e48565557542532463230323530393234253246636e2d6e6f727468776573742d312532467333253246617773345f726571756573745c7530303236582d416d7a2d446174653d3230323530393234543038303930375a5c7530303236582d416d7a2d457870697265733d38363430305c7530303236582d416d7a2d5369676e6564486561646572733d686f73745c7530303236726573706f6e73652d63616368652d636f6e74726f6c3d6d61782d61676525334438363430305c7530303236726573706f6e73652d636f6e74656e742d646973706f736974696f6e3d6174746163686d656e7425334266696c656e616d6525334467656e6572616c2d352d323032352d30392d323454303825323533413038253235334135385a2e6d70345c7530303236782d69643d4765744f626a6563745c7530303236582d416d7a2d5369676e61747572653d63326435643433356462323238353762663664653738393164376539303131326532656434663030353839346362313936363338343338643766373534343130222c22766964656f223a7b226475726174696f6e223a302c22667073223a302c227265736f6c7574696f6e223a6e756c6c7d2c2277617465726d61726b65645f75726c223a22227d5d2c2263726564697473223a382c226375735f7072696f72697479223a302c226572725f636f6465223a22222c226964223a22383638333435373234373038393039303536222c226f66665f7065616b223a66616c73652c227061796c6f6164223a22222c227374617465223a2273756363657373227d');
INSERT INTO tasks VALUES(10,1758706220,1758706359,'868366492419256320','52',1,1,1250000,'generate','SUCCESS','https://prod-ss-vidu.s3.cn-northwest-1.amazonaws.com.cn/infer/tasks/25/0924/09/868366492419256320/creation-01/video.mp4?X-Amz-Algorithm=AWS4-HMAC-SHA256&X-Amz-Credential=AKIARRHG6JR7EMNHVUWT%2F20250924%2Fcn-northwest-1%2Fs3%2Faws4_request&X-Amz-Date=20250924T093239Z&X-Amz-Expires=86400&X-Amz-SignedHeaders=host&response-cache-control=max-age%3D86400&response-content-disposition=attachment%3Bfilename%3Dgeneral-5-2025-09-24T09%253A32%253A27Z.mp4&x-id=GetObject&X-Amz-Signature=9478b6eb41bf008cee466f01e6e441298036bb098310699c371ff62b0aa595bd',1758706220,1758706238,1758706359,'100%',X'7b22696e707574223a22227d',X'7b2262676d223a66616c73652c226372656174696f6e73223a5b7b22636f7665725f75726c223a2268747470733a2f2f70726f642d73732d766964752e73332e636e2d6e6f727468776573742d312e616d617a6f6e6177732e636f6d2e636e2f696e6665722f7461736b732f32352f303932342f30392f3836383336363439323431393235363332302f6372656174696f6e2d30312f636f7665722e6a7065673f582d416d7a2d416c676f726974686d3d415753342d484d41432d5348413235365c7530303236582d416d7a2d43726564656e7469616c3d414b494152524847364a5237454d4e48565557542532463230323530393234253246636e2d6e6f727468776573742d312532467333253246617773345f726571756573745c7530303236582d416d7a2d446174653d3230323530393234543039333233395a5c7530303236582d416d7a2d457870697265733d333630305c7530303236582d416d7a2d5369676e6564486561646572733d686f73745c7530303236726573706f6e73652d63616368652d636f6e74726f6c3d6d61782d61676525334438363430305c7530303236782d69643d4765744f626a6563745c7530303236582d416d7a2d5369676e61747572653d31643237653663336238393833353535376665383232623866666435653731353431663766396131393831666366363833333462623262653236343234636565222c226964223a22383638333637303237313834363233363136222c226d6f6465726174696f6e5f75726c223a5b5d2c2275726c223a2268747470733a2f2f70726f642d73732d766964752e73332e636e2d6e6f727468776573742d312e616d617a6f6e6177732e636f6d2e636e2f696e6665722f7461736b732f32352f303932342f30392f3836383336363439323431393235363332302f6372656174696f6e2d30312f766964656f2e6d70343f582d416d7a2d416c676f726974686d3d415753342d484d41432d5348413235365c7530303236582d416d7a2d43726564656e7469616c3d414b494152524847364a5237454d4e48565557542532463230323530393234253246636e2d6e6f727468776573742d312532467333253246617773345f726571756573745c7530303236582d416d7a2d446174653d3230323530393234543039333233395a5c7530303236582d416d7a2d457870697265733d38363430305c7530303236582d416d7a2d5369676e6564486561646572733d686f73745c7530303236726573706f6e73652d63616368652d636f6e74726f6c3d6d61782d61676525334438363430305c7530303236726573706f6e73652d636f6e74656e742d646973706f736974696f6e3d6174746163686d656e7425334266696c656e616d6525334467656e6572616c2d352d323032352d30392d323454303925323533413332253235334132375a2e6d70345c7530303236782d69643d4765744f626a6563745c7530303236582d416d7a2d5369676e61747572653d39343738623665623431626630303863656534363666303165366534343132393830333662623039383331303639396333373166663632623061613539356264222c22766964656f223a7b226475726174696f6e223a302c22667073223a302c227265736f6c7574696f6e223a6e756c6c7d2c2277617465726d61726b65645f75726c223a22227d5d2c2263726564697473223a382c226375735f7072696f72697479223a302c226572725f636f6465223a22222c226964223a22383638333636343932343139323536333230222c226f66665f7065616b223a66616c73652c227061796c6f6164223a22222c227374617465223a2273756363657373227d');
INSERT INTO tasks VALUES(11,1758708072,1758708265,'868374259641139200','52',1,1,1250000,'textGenerate','SUCCESS','https://prod-ss-vidu.s3.cn-northwest-1.amazonaws.com.cn/infer/tasks/25/0924/10/868374259641139200/creation-01/video.mp4?X-Amz-Algorithm=AWS4-HMAC-SHA256&X-Amz-Credential=AKIARRHG6JR7EMNHVUWT%2F20250924%2Fcn-northwest-1%2Fs3%2Faws4_request&X-Amz-Date=20250924T100425Z&X-Amz-Expires=86400&X-Amz-SignedHeaders=host&response-cache-control=max-age%3D86400&response-content-disposition=attachment%3Bfilename%3Dgeneral-5-2025-09-24T10%253A04%253A14Z.mp4&x-id=GetObject&X-Amz-Signature=6ffbd3425f6ca911d29f96f0d544e14946b341745590659b4f69843b07f232d6',1758708072,1758708084,1758708265,'100%',X'7b22696e707574223a22227d',X'7b2262676d223a66616c73652c226372656174696f6e73223a5b7b22636f7665725f75726c223a2268747470733a2f2f70726f642d73732d766964752e73332e636e2d6e6f727468776573742d312e616d617a6f6e6177732e636f6d2e636e2f696e6665722f7461736b732f32352f303932342f31302f3836383337343235393634313133393230302f6372656174696f6e2d30312f636f7665722e6a7065673f582d416d7a2d416c676f726974686d3d415753342d484d41432d5348413235365c7530303236582d416d7a2d43726564656e7469616c3d414b494152524847364a5237454d4e48565557542532463230323530393234253246636e2d6e6f727468776573742d312532467333253246617773345f726571756573745c7530303236582d416d7a2d446174653d3230323530393234543130303432355a5c7530303236582d416d7a2d457870697265733d333630305c7530303236582d416d7a2d5369676e6564486561646572733d686f73745c7530303236726573706f6e73652d63616368652d636f6e74726f6c3d6d61782d61676525334438363430305c7530303236782d69643d4765744f626a6563745c7530303236582d416d7a2d5369676e61747572653d37363764353361343163303537663135626634626239626534393965613564666363303132373766306236666663633065346133303666356231336530393735222c226964223a22383638333735303232363737323832383136222c226d6f6465726174696f6e5f75726c223a5b5d2c2275726c223a2268747470733a2f2f70726f642d73732d766964752e73332e636e2d6e6f727468776573742d312e616d617a6f6e6177732e636f6d2e636e2f696e6665722f7461736b732f32352f303932342f31302f3836383337343235393634313133393230302f6372656174696f6e2d30312f766964656f2e6d70343f582d416d7a2d416c676f726974686d3d415753342d484d41432d5348413235365c7530303236582d416d7a2d43726564656e7469616c3d414b494152524847364a5237454d4e48565557542532463230323530393234253246636e2d6e6f727468776573742d312532467333253246617773345f726571756573745c7530303236582d416d7a2d446174653d3230323530393234543130303432355a5c7530303236582d416d7a2d457870697265733d38363430305c7530303236582d416d7a2d5369676e6564486561646572733d686f73745c7530303236726573706f6e73652d63616368652d636f6e74726f6c3d6d61782d61676525334438363430305c7530303236726573706f6e73652d636f6e74656e742d646973706f736974696f6e3d6174746163686d656e7425334266696c656e616d6525334467656e6572616c2d352d323032352d30392d323454313025323533413034253235334131345a2e6d70345c7530303236782d69643d4765744f626a6563745c7530303236582d416d7a2d5369676e61747572653d36666662643334323566366361393131643239663936663064353434653134393436623334313734353539303635396234663639383433623037663233326436222c22766964656f223a7b226475726174696f6e223a302c22667073223a302c227265736f6c7574696f6e223a6e756c6c7d2c2277617465726d61726b65645f75726c223a22227d5d2c2263726564697473223a382c226375735f7072696f72697479223a302c226572725f636f6465223a22222c226964223a22383638333734323539363431313339323030222c226f66665f7065616b223a66616c73652c227061796c6f6164223a22222c227374617465223a2273756363657373227d');
INSERT INTO tasks VALUES(12,1758708598,1758708806,'868376468508405760','52',1,1,1250000,'textGenerate','SUCCESS','https://prod-ss-vidu.s3.cn-northwest-1.amazonaws.com.cn/infer/tasks/25/0924/10/868376468508405760/creation-01/video.mp4?X-Amz-Algorithm=AWS4-HMAC-SHA256&X-Amz-Credential=AKIARRHG6JR7EMNHVUWT%2F20250924%2Fcn-northwest-1%2Fs3%2Faws4_request&X-Amz-Date=20250924T101326Z&X-Amz-Expires=86400&X-Amz-SignedHeaders=host&response-cache-control=max-age%3D86400&response-content-disposition=attachment%3Bfilename%3Dgeneral-5-2025-09-24T10%253A13%253A11Z.mp4&x-id=GetObject&X-Amz-Signature=c71434424834d23c30878d696b0924d56607cfd23ca9fc809994ff7f20d5add0',1758708598,1758708610,1758708806,'100%',X'7b22696e707574223a22227d',X'7b2262676d223a66616c73652c226372656174696f6e73223a5b7b22636f7665725f75726c223a2268747470733a2f2f70726f642d73732d766964752e73332e636e2d6e6f727468776573742d312e616d617a6f6e6177732e636f6d2e636e2f696e6665722f7461736b732f32352f303932342f31302f3836383337363436383530383430353736302f6372656174696f6e2d30312f636f7665722e6a7065673f582d416d7a2d416c676f726974686d3d415753342d484d41432d5348413235365c7530303236582d416d7a2d43726564656e7469616c3d414b494152524847364a5237454d4e48565557542532463230323530393234253246636e2d6e6f727468776573742d312532467333253246617773345f726571756573745c7530303236582d416d7a2d446174653d3230323530393234543130313332365a5c7530303236582d416d7a2d457870697265733d333630305c7530303236582d416d7a2d5369676e6564486561646572733d686f73745c7530303236726573706f6e73652d63616368652d636f6e74726f6c3d6d61782d61676525334438363430305c7530303236782d69643d4765744f626a6563745c7530303236582d416d7a2d5369676e61747572653d31623934326232396132346231393238616235393931613264363961306134616235613039363939613533363232653632376539313336366436653634643133222c226964223a22383638333737323734393839313534333034222c226d6f6465726174696f6e5f75726c223a5b5d2c2275726c223a2268747470733a2f2f70726f642d73732d766964752e73332e636e2d6e6f727468776573742d312e616d617a6f6e6177732e636f6d2e636e2f696e6665722f7461736b732f32352f303932342f31302f3836383337363436383530383430353736302f6372656174696f6e2d30312f766964656f2e6d70343f582d416d7a2d416c676f726974686d3d415753342d484d41432d5348413235365c7530303236582d416d7a2d43726564656e7469616c3d414b494152524847364a5237454d4e48565557542532463230323530393234253246636e2d6e6f727468776573742d312532467333253246617773345f726571756573745c7530303236582d416d7a2d446174653d3230323530393234543130313332365a5c7530303236582d416d7a2d457870697265733d38363430305c7530303236582d416d7a2d5369676e6564486561646572733d686f73745c7530303236726573706f6e73652d63616368652d636f6e74726f6c3d6d61782d61676525334438363430305c7530303236726573706f6e73652d636f6e74656e742d646973706f736974696f6e3d6174746163686d656e7425334266696c656e616d6525334467656e6572616c2d352d323032352d30392d323454313025323533413133253235334131315a2e6d70345c7530303236782d69643d4765744f626a6563745c7530303236582d416d7a2d5369676e61747572653d63373134333434323438333464323363333038373864363936623039323464353636303763666432336361396663383039393934666637663230643561646430222c22766964656f223a7b226475726174696f6e223a302c22667073223a302c227265736f6c7574696f6e223a6e756c6c7d2c2277617465726d61726b65645f75726c223a22227d5d2c2263726564697473223a382c226375735f7072696f72697479223a302c226572725f636f6465223a22222c226964223a22383638333736343638353038343035373630222c226f66665f7065616b223a66616c73652c227061796c6f6164223a22222c227374617465223a2273756363657373227d');
INSERT INTO tasks VALUES(13,1758708911,1758709016,'868377778444087296','52',1,1,1250000,'generate','SUCCESS','https://prod-ss-vidu.s3.cn-northwest-1.amazonaws.com.cn/infer/tasks/25/0924/10/868377778444087296/creation-01/video.mp4?X-Amz-Algorithm=AWS4-HMAC-SHA256&X-Amz-Credential=AKIARRHG6JR7EMNHVUWT%2F20250924%2Fcn-northwest-1%2Fs3%2Faws4_request&X-Amz-Date=20250924T101657Z&X-Amz-Expires=86400&X-Amz-SignedHeaders=host&response-cache-control=max-age%3D86400&response-content-disposition=attachment%3Bfilename%3Dgeneral-5-2025-09-24T10%253A16%253A47Z.mp4&x-id=GetObject&X-Amz-Signature=6cb2cde8bf73a301fef0047b1e17e9e0e18ae525dd55b4f2e94fdfca35262377',1758708911,1758708926,1758709016,'100%',X'7b22696e707574223a22227d',X'7b2262676d223a66616c73652c226372656174696f6e73223a5b7b22636f7665725f75726c223a2268747470733a2f2f70726f642d73732d766964752e73332e636e2d6e6f727468776573742d312e616d617a6f6e6177732e636f6d2e636e2f696e6665722f7461736b732f32352f303932342f31302f3836383337373737383434343038373239362f6372656174696f6e2d30312f636f7665722e6a7065673f582d416d7a2d416c676f726974686d3d415753342d484d41432d5348413235365c7530303236582d416d7a2d43726564656e7469616c3d414b494152524847364a5237454d4e48565557542532463230323530393234253246636e2d6e6f727468776573742d312532467333253246617773345f726571756573745c7530303236582d416d7a2d446174653d3230323530393234543130313635375a5c7530303236582d416d7a2d457870697265733d333630305c7530303236582d416d7a2d5369676e6564486561646572733d686f73745c7530303236726573706f6e73652d63616368652d636f6e74726f6c3d6d61782d61676525334438363430305c7530303236782d69643d4765744f626a6563745c7530303236582d416d7a2d5369676e61747572653d33613830656432666162636636343662396265343531613136346236663636313535623965343338373430653165393064626338643436343937363131303732222c226964223a22383638333738313832373837353539343234222c226d6f6465726174696f6e5f75726c223a5b5d2c2275726c223a2268747470733a2f2f70726f642d73732d766964752e73332e636e2d6e6f727468776573742d312e616d617a6f6e6177732e636f6d2e636e2f696e6665722f7461736b732f32352f303932342f31302f3836383337373737383434343038373239362f6372656174696f6e2d30312f766964656f2e6d70343f582d416d7a2d416c676f726974686d3d415753342d484d41432d5348413235365c7530303236582d416d7a2d43726564656e7469616c3d414b494152524847364a5237454d4e48565557542532463230323530393234253246636e2d6e6f727468776573742d312532467333253246617773345f726571756573745c7530303236582d416d7a2d446174653d3230323530393234543130313635375a5c7530303236582d416d7a2d457870697265733d38363430305c7530303236582d416d7a2d5369676e6564486561646572733d686f73745c7530303236726573706f6e73652d63616368652d636f6e74726f6c3d6d61782d61676525334438363430305c7530303236726573706f6e73652d636f6e74656e742d646973706f736974696f6e3d6174746163686d656e7425334266696c656e616d6525334467656e6572616c2d352d323032352d30392d323454313025323533413136253235334134375a2e6d70345c7530303236782d69643d4765744f626a6563745c7530303236582d416d7a2d5369676e61747572653d36636232636465386266373361333031666566303034376231653137653965306531386165353235646435356234663265393466646663613335323632333737222c22766964656f223a7b226475726174696f6e223a302c22667073223a302c227265736f6c7574696f6e223a6e756c6c7d2c2277617465726d61726b65645f75726c223a22227d5d2c2263726564697473223a382c226375735f7072696f72697479223a302c226572725f636f6465223a22222c226964223a22383638333737373738343434303837323936222c226f66665f7065616b223a66616c73652c227061796c6f6164223a22222c227374617465223a2273756363657373227d');
INSERT INTO tasks VALUES(14,1758709694,1758709782,'868381064995823616','52',1,1,1250000,'referenceGenerate','SUCCESS','https://prod-ss-vidu.s3.cn-northwest-1.amazonaws.com.cn/infer/tasks/25/0924/10/868381064995823616/creation-01/video.mp4?X-Amz-Algorithm=AWS4-HMAC-SHA256&X-Amz-Credential=AKIARRHG6JR7EMNHVUWT%2F20250924%2Fcn-northwest-1%2Fs3%2Faws4_request&X-Amz-Date=20250924T102942Z&X-Amz-Expires=86400&X-Amz-SignedHeaders=host&response-cache-control=max-age%3D86400&response-content-disposition=attachment%3Bfilename%3Dgeneral-5-2025-09-24T10%253A29%253A40Z.mp4&x-id=GetObject&X-Amz-Signature=2f4931dfa001c784e5fb18d8aab54acfe0b15d862eb45750a1f0315df6d43f4e',1758709694,1758709707,1758709782,'100%',X'7b22696e707574223a22227d',X'7b2262676d223a66616c73652c226372656174696f6e73223a5b7b22636f7665725f75726c223a2268747470733a2f2f70726f642d73732d766964752e73332e636e2d6e6f727468776573742d312e616d617a6f6e6177732e636f6d2e636e2f696e6665722f7461736b732f32352f303932342f31302f3836383338313036343939353832333631362f6372656174696f6e2d30312f636f7665722e6a7065673f582d416d7a2d416c676f726974686d3d415753342d484d41432d5348413235365c7530303236582d416d7a2d43726564656e7469616c3d414b494152524847364a5237454d4e48565557542532463230323530393234253246636e2d6e6f727468776573742d312532467333253246617773345f726571756573745c7530303236582d416d7a2d446174653d3230323530393234543130323934325a5c7530303236582d416d7a2d457870697265733d333630305c7530303236582d416d7a2d5369676e6564486561646572733d686f73745c7530303236726573706f6e73652d63616368652d636f6e74726f6c3d6d61782d61676525334438363430305c7530303236782d69643d4765744f626a6563745c7530303236582d416d7a2d5369676e61747572653d64343761643933643931633336613739386234663834653362346431663864663538636530663165623564383264366532363263633738383935666537613036222c226964223a22383638333831343236363636343637333238222c226d6f6465726174696f6e5f75726c223a5b5d2c2275726c223a2268747470733a2f2f70726f642d73732d766964752e73332e636e2d6e6f727468776573742d312e616d617a6f6e6177732e636f6d2e636e2f696e6665722f7461736b732f32352f303932342f31302f3836383338313036343939353832333631362f6372656174696f6e2d30312f766964656f2e6d70343f582d416d7a2d416c676f726974686d3d415753342d484d41432d5348413235365c7530303236582d416d7a2d43726564656e7469616c3d414b494152524847364a5237454d4e48565557542532463230323530393234253246636e2d6e6f727468776573742d312532467333253246617773345f726571756573745c7530303236582d416d7a2d446174653d3230323530393234543130323934325a5c7530303236582d416d7a2d457870697265733d38363430305c7530303236582d416d7a2d5369676e6564486561646572733d686f73745c7530303236726573706f6e73652d63616368652d636f6e74726f6c3d6d61782d61676525334438363430305c7530303236726573706f6e73652d636f6e74656e742d646973706f736974696f6e3d6174746163686d656e7425334266696c656e616d6525334467656e6572616c2d352d323032352d30392d323454313025323533413239253235334134305a2e6d70345c7530303236782d69643d4765744f626a6563745c7530303236582d416d7a2d5369676e61747572653d32663439333164666130303163373834653566623138643861616235346163666530623135643836326562343537353061316630333135646636643433663465222c22766964656f223a7b226475726174696f6e223a302c22667073223a302c227265736f6c7574696f6e223a6e756c6c7d2c2277617465726d61726b65645f75726c223a22227d5d2c2263726564697473223a382c226375735f7072696f72697479223a302c226572725f636f6465223a22222c226964223a22383638333831303634393935383233363136222c226f66665f7065616b223a66616c73652c227061796c6f6164223a22222c227374617465223a2273756363657373227d');
INSERT INTO tasks VALUES(15,1758781257,1758781323,'868681220341391360','52',1,1,1250000,'generate','SUCCESS','https://prod-ss-vidu.s3.cn-northwest-1.amazonaws.com.cn/infer/tasks/25/0925/06/868681220341391360/creation-01/video.mp4?X-Amz-Algorithm=AWS4-HMAC-SHA256&X-Amz-Credential=AKIARRHG6JR7EMNHVUWT%2F20250925%2Fcn-northwest-1%2Fs3%2Faws4_request&X-Amz-Date=20250925T062203Z&X-Amz-Expires=86400&X-Amz-SignedHeaders=host&response-cache-control=max-age%3D86400&response-content-disposition=attachment%3Bfilename%3Dgeneral-5-2025-09-25T06%253A21%253A57Z.mp4&x-id=GetObject&X-Amz-Signature=eaf65aba7e5f2bc6046321ddaf6739d04f81907048948936eced854d9924ce9d',1758781257,1758781263,1758781323,'100%',X'7b22696e707574223a22227d',X'7b2262676d223a66616c73652c226372656174696f6e73223a5b7b22636f7665725f75726c223a2268747470733a2f2f70726f642d73732d766964752e73332e636e2d6e6f727468776573742d312e616d617a6f6e6177732e636f6d2e636e2f696e6665722f7461736b732f32352f303932352f30362f3836383638313232303334313339313336302f6372656174696f6e2d30312f636f7665722e6a7065673f582d416d7a2d416c676f726974686d3d415753342d484d41432d5348413235365c7530303236582d416d7a2d43726564656e7469616c3d414b494152524847364a5237454d4e48565557542532463230323530393235253246636e2d6e6f727468776573742d312532467333253246617773345f726571756573745c7530303236582d416d7a2d446174653d3230323530393235543036323230335a5c7530303236582d416d7a2d457870697265733d333630305c7530303236582d416d7a2d5369676e6564486561646572733d686f73745c7530303236726573706f6e73652d63616368652d636f6e74726f6c3d6d61782d61676525334438363430305c7530303236782d69643d4765744f626a6563745c7530303236582d416d7a2d5369676e61747572653d66326366353631626430633431356261323139353132636161306636633263613662356434313030663363663830333665623161356530616537613832663866222c226964223a22383638363831343732303132323232343634222c226d6f6465726174696f6e5f75726c223a5b5d2c2275726c223a2268747470733a2f2f70726f642d73732d766964752e73332e636e2d6e6f727468776573742d312e616d617a6f6e6177732e636f6d2e636e2f696e6665722f7461736b732f32352f303932352f30362f3836383638313232303334313339313336302f6372656174696f6e2d30312f766964656f2e6d70343f582d416d7a2d416c676f726974686d3d415753342d484d41432d5348413235365c7530303236582d416d7a2d43726564656e7469616c3d414b494152524847364a5237454d4e48565557542532463230323530393235253246636e2d6e6f727468776573742d312532467333253246617773345f726571756573745c7530303236582d416d7a2d446174653d3230323530393235543036323230335a5c7530303236582d416d7a2d457870697265733d38363430305c7530303236582d416d7a2d5369676e6564486561646572733d686f73745c7530303236726573706f6e73652d63616368652d636f6e74726f6c3d6d61782d61676525334438363430305c7530303236726573706f6e73652d636f6e74656e742d646973706f736974696f6e3d6174746163686d656e7425334266696c656e616d6525334467656e6572616c2d352d323032352d30392d323554303625323533413231253235334135375a2e6d70345c7530303236782d69643d4765744f626a6563745c7530303236582d416d7a2d5369676e61747572653d65616636356162613765356632626336303436333231646461663637333964303466383139303730343839343839333665636564383534643939323463653964222c22766964656f223a7b226475726174696f6e223a302c22667073223a302c227265736f6c7574696f6e223a6e756c6c7d2c2277617465726d61726b65645f75726c223a22227d5d2c2263726564697473223a382c226375735f7072696f72697479223a302c226572725f636f6465223a22222c226964223a22383638363831323230333431333931333630222c226f66665f7065616b223a66616c73652c227061796c6f6164223a22222c227374617465223a2273756363657373227d');
CREATE TABLE `prefill_groups` (`id` integer,`name` text NOT NULL,`type` text NOT NULL,`items` json,`description` varchar(255),`created_time` integer,`updated_time` integer,`deleted_at` datetime,PRIMARY KEY (`id`));
CREATE TABLE `setups` (`id` integer,`version` varchar(50) NOT NULL,`initialized_at` bigint NOT NULL,PRIMARY KEY (`id`));
INSERT INTO setups VALUES(1,'v0.0.0',1758608795);
CREATE TABLE `two_fa_backup_codes` (`id` integer,`user_id` integer NOT NULL,`code_hash` varchar(255) NOT NULL,`is_used` numeric,`used_at` datetime,`created_at` datetime,`deleted_at` datetime,PRIMARY KEY (`id`));
CREATE TABLE IF NOT EXISTS "users" (`id` integer,`username` text UNIQUE,`password` text NOT NULL,`display_name` text,`role` integer DEFAULT 1,`status` integer DEFAULT 1,`email` text,`github_id` text,`oidc_id` text,`wechat_id` text,`telegram_id` text,`access_token` char(32),`quota` integer DEFAULT 0,`used_quota` integer DEFAULT 0,`request_count` integer DEFAULT 0,`group` varchar(64) DEFAULT "default",`aff_code` varchar(32),`aff_count` integer DEFAULT 0,`aff_quota` integer DEFAULT 0,`aff_history` integer DEFAULT 0,`inviter_id` integer,`deleted_at` datetime,`linux_do_id` text,`setting` text,`remark` varchar(255),`stripe_customer` varchar(64),PRIMARY KEY (`id`));
INSERT INTO users VALUES(1,'zeo','$2a$10$19r6oJ5uK4Uxiit4mFcnXuHln5PBL5hXupVof3WbCQAVmkUDB8WLy','Root User',100,1,'','','','','',NULL,84543688,15456312,33,'default','Av1O',0,0,0,0,NULL,'','','','');
CREATE TABLE IF NOT EXISTS "top_ups" (`id` integer,`user_id` integer,`amount` integer,`money` real,`trade_no` varchar(255) UNIQUE,`create_time` integer,`complete_time` integer,`status` text,PRIMARY KEY (`id`));
CREATE TABLE IF NOT EXISTS "models" (`id` integer,`model_name` text NOT NULL,`description` text,`icon` varchar(128),`tags` varchar(255),`vendor_id` integer,`endpoints` text,`status` integer DEFAULT 1,`sync_official` integer DEFAULT 1,`created_time` integer,`updated_time` integer,`deleted_at` datetime,`name_rule` integer DEFAULT 0,PRIMARY KEY (`id`));
CREATE TABLE IF NOT EXISTS "vendors" (`id` integer,`name` text NOT NULL,`description` text,`icon` varchar(128),`status` integer DEFAULT 1,`created_time` integer,`updated_time` integer,`deleted_at` datetime,PRIMARY KEY (`id`));
INSERT INTO vendors VALUES(1,'Vidu','','Vidu',1,1758612807,1758612807,NULL);
INSERT INTO vendors VALUES(2,'OpenAI','','OpenAI',1,1758612807,1758612807,NULL);
INSERT INTO vendors VALUES(3,'','','Kling.Color',1,1758612807,1758612807,NULL);
INSERT INTO vendors VALUES(4,'','','Jimeng.Color',1,1758612807,1758612807,NULL);
INSERT INTO vendors VALUES(5,'Moonshot','','Moonshot',1,1758612807,1758612807,NULL);
INSERT INTO vendors VALUES(6,'','','Yi.Color',1,1758612807,1758612807,NULL);
INSERT INTO vendors VALUES(7,'Jina','','Jina',1,1758612807,1758612807,NULL);
INSERT INTO vendors VALUES(8,'','','Hunyuan.Color',1,1758612807,1758612807,NULL);
INSERT INTO vendors VALUES(9,'xAI','','XAI',1,1758612807,1758612807,NULL);
INSERT INTO vendors VALUES(10,'','','Zhipu.Color',1,1758612807,1758612807,NULL);
INSERT INTO vendors VALUES(11,'Google','','Gemini.Color',1,1758612807,1758612807,NULL);
INSERT INTO vendors VALUES(12,'','','Qwen.Color',1,1758612807,1758612807,NULL);
INSERT INTO vendors VALUES(13,'','','Wenxin.Color',1,1758612807,1758612807,NULL);
INSERT INTO vendors VALUES(14,'','','Doubao.Color',1,1758612807,1758612807,NULL);
INSERT INTO vendors VALUES(15,'DeepSeek','','DeepSeek.Color',1,1758612807,1758612807,NULL);
INSERT INTO vendors VALUES(16,'Meta','','Ollama',1,1758612807,1758612807,NULL);
INSERT INTO vendors VALUES(17,'Anthropic','','Claude.Color',1,1758612807,1758612807,NULL);
CREATE TABLE IF NOT EXISTS "two_fas" (`id` integer,`user_id` integer NOT NULL UNIQUE,`secret` varchar(255) NOT NULL,`is_enabled` numeric,`failed_attempts` integer DEFAULT 0,`locked_until` datetime,`last_used_at` datetime,`created_at` datetime,`updated_at` datetime,`deleted_at` datetime,PRIMARY KEY (`id`));
CREATE INDEX `idx_channels_tag` ON `channels`(`tag`);
CREATE INDEX `idx_channels_name` ON `channels`(`name`);
CREATE INDEX `idx_tokens_name` ON `tokens`(`name`);
CREATE UNIQUE INDEX `idx_tokens_key` ON `tokens`(`key`);
CREATE INDEX `idx_tokens_user_id` ON `tokens`(`user_id`);
CREATE INDEX `idx_tokens_deleted_at` ON `tokens`(`deleted_at`);
CREATE INDEX `idx_redemptions_deleted_at` ON `redemptions`(`deleted_at`);
CREATE INDEX `idx_redemptions_name` ON `redemptions`(`name`);
CREATE UNIQUE INDEX `idx_redemptions_key` ON `redemptions`(`key`);
CREATE INDEX `idx_abilities_tag` ON `abilities`(`tag`);
CREATE INDEX `idx_abilities_weight` ON `abilities`(`weight`);
CREATE INDEX `idx_abilities_priority` ON `abilities`(`priority`);
CREATE INDEX `idx_abilities_channel_id` ON `abilities`(`channel_id`);
CREATE INDEX `idx_logs_group` ON `logs`(`group`);
CREATE INDEX `idx_logs_token_id` ON `logs`(`token_id`);
CREATE INDEX `idx_logs_channel_id` ON `logs`(`channel_id`);
CREATE INDEX `idx_logs_model_name` ON `logs`(`model_name`);
CREATE INDEX `index_username_model_name` ON `logs`(`model_name`,`username`);
CREATE INDEX `idx_created_at_type` ON `logs`(`created_at`,`type`);
CREATE INDEX `idx_logs_user_id` ON `logs`(`user_id`);
CREATE INDEX `idx_logs_ip` ON `logs`(`ip`);
CREATE INDEX `idx_logs_token_name` ON `logs`(`token_name`);
CREATE INDEX `idx_logs_username` ON `logs`(`username`);
CREATE INDEX `idx_created_at_id` ON `logs`(`id`,`created_at`);
CREATE INDEX `idx_midjourneys_mj_id` ON `midjourneys`(`mj_id`);
CREATE INDEX `idx_midjourneys_action` ON `midjourneys`(`action`);
CREATE INDEX `idx_midjourneys_user_id` ON `midjourneys`(`user_id`);
CREATE INDEX `idx_midjourneys_progress` ON `midjourneys`(`progress`);
CREATE INDEX `idx_midjourneys_status` ON `midjourneys`(`status`);
CREATE INDEX `idx_midjourneys_finish_time` ON `midjourneys`(`finish_time`);
CREATE INDEX `idx_midjourneys_start_time` ON `midjourneys`(`start_time`);
CREATE INDEX `idx_midjourneys_submit_time` ON `midjourneys`(`submit_time`);
CREATE INDEX `idx_qdt_created_at` ON `quota_data`(`created_at`);
CREATE INDEX `idx_qdt_model_user_name` ON `quota_data`(`model_name`,`username`);
CREATE INDEX `idx_quota_data_user_id` ON `quota_data`(`user_id`);
CREATE INDEX `idx_tasks_progress` ON `tasks`(`progress`);
CREATE INDEX `idx_tasks_finish_time` ON `tasks`(`finish_time`);
CREATE INDEX `idx_tasks_start_time` ON `tasks`(`start_time`);
CREATE INDEX `idx_tasks_submit_time` ON `tasks`(`submit_time`);
CREATE INDEX `idx_tasks_status` ON `tasks`(`status`);
CREATE INDEX `idx_tasks_platform` ON `tasks`(`platform`);
CREATE INDEX `idx_tasks_action` ON `tasks`(`action`);
CREATE INDEX `idx_tasks_channel_id` ON `tasks`(`channel_id`);
CREATE INDEX `idx_tasks_user_id` ON `tasks`(`user_id`);
CREATE INDEX `idx_tasks_task_id` ON `tasks`(`task_id`);
CREATE INDEX `idx_tasks_created_at` ON `tasks`(`created_at`);
CREATE UNIQUE INDEX `uk_prefill_name` ON `prefill_groups`(`name`) WHERE deleted_at IS NULL;
CREATE INDEX `idx_prefill_groups_deleted_at` ON `prefill_groups`(`deleted_at`);
CREATE INDEX `idx_prefill_groups_type` ON `prefill_groups`(`type`);
CREATE INDEX `idx_two_fa_backup_codes_deleted_at` ON `two_fa_backup_codes`(`deleted_at`);
CREATE INDEX `idx_two_fa_backup_codes_user_id` ON `two_fa_backup_codes`(`user_id`);
CREATE INDEX `idx_users_deleted_at` ON `users`(`deleted_at`);
CREATE INDEX `idx_users_stripe_customer` ON `users`(`stripe_customer`);
CREATE INDEX `idx_users_display_name` ON `users`(`display_name`);
CREATE INDEX `idx_users_email` ON `users`(`email`);
CREATE INDEX `idx_users_git_hub_id` ON `users`(`github_id`);
CREATE INDEX `idx_users_we_chat_id` ON `users`(`wechat_id`);
CREATE INDEX `idx_users_telegram_id` ON `users`(`telegram_id`);
CREATE UNIQUE INDEX `idx_users_aff_code` ON `users`(`aff_code`);
CREATE INDEX `idx_users_inviter_id` ON `users`(`inviter_id`);
CREATE INDEX `idx_users_linux_do_id` ON `users`(`linux_do_id`);
CREATE INDEX `idx_users_username` ON `users`(`username`);
CREATE INDEX `idx_users_oidc_id` ON `users`(`oidc_id`);
CREATE UNIQUE INDEX `idx_users_access_token` ON `users`(`access_token`);
CREATE INDEX `idx_top_ups_user_id` ON `top_ups`(`user_id`);
CREATE INDEX `idx_top_ups_trade_no` ON `top_ups`(`trade_no`);
CREATE INDEX `idx_models_vendor_id` ON `models`(`vendor_id`);
CREATE INDEX `idx_models_deleted_at` ON `models`(`deleted_at`);
CREATE UNIQUE INDEX `uk_model_name_delete_at` ON `models`(`model_name`,`deleted_at`);
CREATE UNIQUE INDEX `uk_vendor_name_delete_at` ON `vendors`(`name`,`deleted_at`);
CREATE INDEX `idx_vendors_deleted_at` ON `vendors`(`deleted_at`);
CREATE INDEX `idx_two_fas_user_id` ON `two_fas`(`user_id`);
CREATE INDEX `idx_two_fas_deleted_at` ON `two_fas`(`deleted_at`);
COMMIT;
